design	version	classified_reads	newly_classified_vs_previous	no_longer_classified_vs_previous
fixed	msl29	399968		
fixed	msl30	399968	0	0
fixed	msl31	399968	0	0
fixed	msl32	399968	0	0
fixed	msl33	399968	0	0
fixed	msl34	399968	0	0
fixed	msl35	399968	0	0
fixed	msl36	400611	643	0
fixed	msl37	400611	0	0
fixed	msl38	400611	0	0
fixed	msl39	400611	0	0
fixed	msl40	400611	0	0
fixed	msl41	400611	0	0
d3	msl29	1170119		
d3	msl30	1170739	620	0
d3	msl31	1170739	0	0
d3	msl32	1170739	0	0
d3	msl33	1170739	0	0
d3	msl34	1170739	0	0
d3	msl35	1170739	0	0
d3	msl36	1172425	1686	0
d3	msl37	1172425	0	0
d3	msl38	1172425	0	0
d3	msl39	1172425	0	0
d3	msl40	1172425	0	0
d3	msl41	1172425	0	0
