confidence	design	run	sample	RSV_by_version	MRV_by_version
0.1	fixed	SRR26352207	RSV neg	0,0,0,0,0,0,0,0,0,0,0,0,0	0,0,0,0,0,0,0,0,0,0,0,0,0
0.1	fixed	SRR26352206	RSV 1e6	17,17,17,17,17,17,17,17,17,17,17,17,17	0,0,0,0,0,0,0,0,0,0,0,0,0
0.1	fixed	SRR26352204	RSV 1e5	0,0,0,0,0,0,0,0,0,0,0,0,0	0,0,0,0,0,0,0,0,0,0,0,0,0
0.1	fixed	SRR26352215	RSV 1e4	0,0,0,0,0,0,0,0,0,0,0,0,0	0,0,0,0,0,0,0,0,0,0,0,0,0
0.1	fixed	SRR26352205	RSV 1e3	0,0,0,0,0,0,0,0,0,0,0,0,0	0,0,0,0,0,0,0,0,0,0,0,0,0
0.1	fixed	SRR26352203	RSV 1e2	0,0,0,0,0,0,0,0,0,0,0,0,0	0,0,0,0,0,0,0,0,0,0,0,0,0
0.1	fixed	SRR26352202	RSV 1e1	1,1,1,1,1,1,1,1,1,1,1,1,1	0,0,0,0,0,0,0,0,0,0,0,0,0
0.1	fixed	SRR26352217	MRV neg	0,0,0,0,0,0,0,0,0,0,0,0,0	0,0,0,0,0,0,0,0,0,0,0,0,0
0.1	fixed	SRR26352216	MRV 1e6	0,0,0,0,0,0,0,0,0,0,0,0,0	1,1,1,1,1,1,1,1,1,1,1,1,1
0.1	fixed	SRR26352195	MRV 1e5	0,0,0,0,0,0,0,0,0,0,0,0,0	0,0,0,0,0,0,0,0,0,0,0,0,0
0.1	fixed	SRR26352184	MRV 1e4	0,0,0,0,0,0,0,0,0,0,0,0,0	0,0,0,0,0,0,0,0,0,0,0,0,0
0.1	fixed	SRR26352212	MRV 1e3	0,0,0,0,0,0,0,0,0,0,0,0,0	0,0,0,0,0,0,0,0,0,0,0,0,0
0.1	fixed	SRR26352209	MRV 1e2	0,0,0,0,0,0,0,0,0,0,0,0,0	0,0,0,0,0,0,0,0,0,0,0,0,0
0.1	fixed	SRR26352208	MRV 1e1	0,0,0,0,0,0,0,0,0,0,0,0,0	0,0,0,0,0,0,0,0,0,0,0,0,0
0.1	d1	SRR26352207	RSV neg	0,0,0,0,0,0,0,0,0,0,0,0,0	0,0,0,0,0,0,0,0,0,0,0,0,0
0.1	d1	SRR26352206	RSV 1e6	17,17,17,17,17,17,17,17,17,17,17,17,17	0,0,0,0,0,0,0,0,0,0,0,0,0
0.1	d1	SRR26352204	RSV 1e5	0,0,0,0,0,0,0,0,0,0,0,0,0	0,0,0,0,0,0,0,0,0,0,0,0,0
0.1	d1	SRR26352215	RSV 1e4	0,0,0,0,0,0,0,0,0,0,0,0,0	0,0,0,0,0,0,0,0,0,0,0,0,0
0.1	d1	SRR26352205	RSV 1e3	0,0,0,0,0,0,0,0,0,0,0,0,0	0,0,0,0,0,0,0,0,0,0,0,0,0
0.1	d1	SRR26352203	RSV 1e2	0,0,0,0,0,0,0,0,0,0,0,0,0	0,0,0,0,0,0,0,0,0,0,0,0,0
0.1	d1	SRR26352202	RSV 1e1	1,1,1,1,1,1,1,1,1,1,1,1,1	0,0,0,0,0,0,0,0,0,0,0,0,0
0.1	d1	SRR26352217	MRV neg	0,0,0,0,0,0,0,0,0,0,0,0,0	0,0,0,0,0,0,0,0,0,0,0,0,0
0.1	d1	SRR26352216	MRV 1e6	0,0,0,0,0,0,0,0,0,0,0,0,0	1,1,1,1,1,1,1,1,1,1,1,1,1
0.1	d1	SRR26352195	MRV 1e5	0,0,0,0,0,0,0,0,0,0,0,0,0	0,0,0,0,0,0,0,0,0,0,0,0,0
0.1	d1	SRR26352184	MRV 1e4	0,0,0,0,0,0,0,0,0,0,0,0,0	0,0,0,0,0,0,0,0,0,0,0,0,0
0.1	d1	SRR26352212	MRV 1e3	0,0,0,0,0,0,0,0,0,0,0,0,0	0,0,0,0,0,0,0,0,0,0,0,0,0
0.1	d1	SRR26352209	MRV 1e2	0,0,0,0,0,0,0,0,0,0,0,0,0	0,0,0,0,0,0,0,0,0,0,0,0,0
0.1	d1	SRR26352208	MRV 1e1	0,0,0,0,0,0,0,0,0,0,0,0,0	0,0,0,0,0,0,0,0,0,0,0,0,0
0.1	d3	SRR26352207	RSV neg	0,0,0,0,0,0,0,0,0,0,0,0,0	0,0,0,0,0,0,0,0,0,0,0,0,0
0.1	d3	SRR26352206	RSV 1e6	17,17,17,17,17,17,17,17,17,17,17,17,17	0,0,0,0,0,0,0,0,0,0,0,0,0
0.1	d3	SRR26352204	RSV 1e5	0,0,0,0,0,0,0,0,0,0,0,0,0	0,0,0,0,0,0,0,0,0,0,0,0,0
0.1	d3	SRR26352215	RSV 1e4	0,0,0,0,0,0,0,0,0,0,0,0,0	0,0,0,0,0,0,0,0,0,0,0,0,0
0.1	d3	SRR26352205	RSV 1e3	0,0,0,0,0,0,0,0,0,0,0,0,0	0,0,0,0,0,0,0,0,0,0,0,0,0
0.1	d3	SRR26352203	RSV 1e2	0,0,0,0,0,0,0,0,0,0,0,0,0	0,0,0,0,0,0,0,0,0,0,0,0,0
0.1	d3	SRR26352202	RSV 1e1	1,1,1,1,1,1,1,1,1,1,1,1,1	0,0,0,0,0,0,0,0,0,0,0,0,0
0.1	d3	SRR26352217	MRV neg	0,0,0,0,0,0,0,0,0,0,0,0,0	0,0,0,0,0,0,0,0,0,0,0,0,0
0.1	d3	SRR26352216	MRV 1e6	0,0,0,0,0,0,0,0,0,0,0,0,0	1,1,1,1,1,1,1,1,1,1,1,1,1
0.1	d3	SRR26352195	MRV 1e5	0,0,0,0,0,0,0,0,0,0,0,0,0	0,0,0,0,0,0,0,0,0,0,0,0,0
0.1	d3	SRR26352184	MRV 1e4	0,0,0,0,0,0,0,0,0,0,0,0,0	0,0,0,0,0,0,0,0,0,0,0,0,0
0.1	d3	SRR26352212	MRV 1e3	0,0,0,0,0,0,0,0,0,0,0,0,0	0,0,0,0,0,0,0,0,0,0,0,0,0
0.1	d3	SRR26352209	MRV 1e2	0,0,0,0,0,0,0,0,0,0,0,0,0	0,0,0,0,0,0,0,0,0,0,0,0,0
0.1	d3	SRR26352208	MRV 1e1	0,0,0,0,0,0,0,0,0,0,0,0,0	0,0,0,0,0,0,0,0,0,0,0,0,0
0.5	fixed	SRR26352207	RSV neg	0,0,0,0,0,0,0,0,0,0,0,0,0	0,0,0,0,0,0,0,0,0,0,0,0,0
0.5	fixed	SRR26352206	RSV 1e6	16,16,16,16,16,16,16,16,16,16,16,16,16	0,0,0,0,0,0,0,0,0,0,0,0,0
0.5	fixed	SRR26352204	RSV 1e5	0,0,0,0,0,0,0,0,0,0,0,0,0	0,0,0,0,0,0,0,0,0,0,0,0,0
0.5	fixed	SRR26352215	RSV 1e4	0,0,0,0,0,0,0,0,0,0,0,0,0	0,0,0,0,0,0,0,0,0,0,0,0,0
0.5	fixed	SRR26352205	RSV 1e3	0,0,0,0,0,0,0,0,0,0,0,0,0	0,0,0,0,0,0,0,0,0,0,0,0,0
0.5	fixed	SRR26352203	RSV 1e2	0,0,0,0,0,0,0,0,0,0,0,0,0	0,0,0,0,0,0,0,0,0,0,0,0,0
0.5	fixed	SRR26352202	RSV 1e1	1,1,1,1,1,1,1,1,1,1,1,1,1	0,0,0,0,0,0,0,0,0,0,0,0,0
0.5	fixed	SRR26352217	MRV neg	0,0,0,0,0,0,0,0,0,0,0,0,0	0,0,0,0,0,0,0,0,0,0,0,0,0
0.5	fixed	SRR26352216	MRV 1e6	0,0,0,0,0,0,0,0,0,0,0,0,0	1,1,1,1,1,1,1,1,1,1,1,1,1
0.5	fixed	SRR26352195	MRV 1e5	0,0,0,0,0,0,0,0,0,0,0,0,0	0,0,0,0,0,0,0,0,0,0,0,0,0
0.5	fixed	SRR26352184	MRV 1e4	0,0,0,0,0,0,0,0,0,0,0,0,0	0,0,0,0,0,0,0,0,0,0,0,0,0
0.5	fixed	SRR26352212	MRV 1e3	0,0,0,0,0,0,0,0,0,0,0,0,0	0,0,0,0,0,0,0,0,0,0,0,0,0
0.5	fixed	SRR26352209	MRV 1e2	0,0,0,0,0,0,0,0,0,0,0,0,0	0,0,0,0,0,0,0,0,0,0,0,0,0
0.5	fixed	SRR26352208	MRV 1e1	0,0,0,0,0,0,0,0,0,0,0,0,0	0,0,0,0,0,0,0,0,0,0,0,0,0
0.5	d1	SRR26352207	RSV neg	0,0,0,0,0,0,0,0,0,0,0,0,0	0,0,0,0,0,0,0,0,0,0,0,0,0
0.5	d1	SRR26352206	RSV 1e6	16,16,16,16,16,16,16,16,16,16,16,16,16	0,0,0,0,0,0,0,0,0,0,0,0,0
0.5	d1	SRR26352204	RSV 1e5	0,0,0,0,0,0,0,0,0,0,0,0,0	0,0,0,0,0,0,0,0,0,0,0,0,0
0.5	d1	SRR26352215	RSV 1e4	0,0,0,0,0,0,0,0,0,0,0,0,0	0,0,0,0,0,0,0,0,0,0,0,0,0
0.5	d1	SRR26352205	RSV 1e3	0,0,0,0,0,0,0,0,0,0,0,0,0	0,0,0,0,0,0,0,0,0,0,0,0,0
0.5	d1	SRR26352203	RSV 1e2	0,0,0,0,0,0,0,0,0,0,0,0,0	0,0,0,0,0,0,0,0,0,0,0,0,0
0.5	d1	SRR26352202	RSV 1e1	1,1,1,1,1,1,1,1,1,1,1,1,1	0,0,0,0,0,0,0,0,0,0,0,0,0
0.5	d1	SRR26352217	MRV neg	0,0,0,0,0,0,0,0,0,0,0,0,0	0,0,0,0,0,0,0,0,0,0,0,0,0
0.5	d1	SRR26352216	MRV 1e6	0,0,0,0,0,0,0,0,0,0,0,0,0	1,1,1,1,1,1,1,1,1,1,1,1,1
0.5	d1	SRR26352195	MRV 1e5	0,0,0,0,0,0,0,0,0,0,0,0,0	0,0,0,0,0,0,0,0,0,0,0,0,0
0.5	d1	SRR26352184	MRV 1e4	0,0,0,0,0,0,0,0,0,0,0,0,0	0,0,0,0,0,0,0,0,0,0,0,0,0
0.5	d1	SRR26352212	MRV 1e3	0,0,0,0,0,0,0,0,0,0,0,0,0	0,0,0,0,0,0,0,0,0,0,0,0,0
0.5	d1	SRR26352209	MRV 1e2	0,0,0,0,0,0,0,0,0,0,0,0,0	0,0,0,0,0,0,0,0,0,0,0,0,0
0.5	d1	SRR26352208	MRV 1e1	0,0,0,0,0,0,0,0,0,0,0,0,0	0,0,0,0,0,0,0,0,0,0,0,0,0
0.5	d3	SRR26352207	RSV neg	0,0,0,0,0,0,0,0,0,0,0,0,0	0,0,0,0,0,0,0,0,0,0,0,0,0
0.5	d3	SRR26352206	RSV 1e6	16,16,16,16,16,16,16,16,16,16,16,16,16	0,0,0,0,0,0,0,0,0,0,0,0,0
0.5	d3	SRR26352204	RSV 1e5	0,0,0,0,0,0,0,0,0,0,0,0,0	0,0,0,0,0,0,0,0,0,0,0,0,0
0.5	d3	SRR26352215	RSV 1e4	0,0,0,0,0,0,0,0,0,0,0,0,0	0,0,0,0,0,0,0,0,0,0,0,0,0
0.5	d3	SRR26352205	RSV 1e3	0,0,0,0,0,0,0,0,0,0,0,0,0	0,0,0,0,0,0,0,0,0,0,0,0,0
0.5	d3	SRR26352203	RSV 1e2	0,0,0,0,0,0,0,0,0,0,0,0,0	0,0,0,0,0,0,0,0,0,0,0,0,0
0.5	d3	SRR26352202	RSV 1e1	1,1,1,1,1,1,1,1,1,1,1,1,1	0,0,0,0,0,0,0,0,0,0,0,0,0
0.5	d3	SRR26352217	MRV neg	0,0,0,0,0,0,0,0,0,0,0,0,0	0,0,0,0,0,0,0,0,0,0,0,0,0
0.5	d3	SRR26352216	MRV 1e6	0,0,0,0,0,0,0,0,0,0,0,0,0	1,1,1,1,1,1,1,1,1,1,1,1,1
0.5	d3	SRR26352195	MRV 1e5	0,0,0,0,0,0,0,0,0,0,0,0,0	0,0,0,0,0,0,0,0,0,0,0,0,0
0.5	d3	SRR26352184	MRV 1e4	0,0,0,0,0,0,0,0,0,0,0,0,0	0,0,0,0,0,0,0,0,0,0,0,0,0
0.5	d3	SRR26352212	MRV 1e3	0,0,0,0,0,0,0,0,0,0,0,0,0	0,0,0,0,0,0,0,0,0,0,0,0,0
0.5	d3	SRR26352209	MRV 1e2	0,0,0,0,0,0,0,0,0,0,0,0,0	0,0,0,0,0,0,0,0,0,0,0,0,0
0.5	d3	SRR26352208	MRV 1e1	0,0,0,0,0,0,0,0,0,0,0,0,0	0,0,0,0,0,0,0,0,0,0,0,0,0
