run	sample	database	reads_in_RSV_clade_11250	reads_in_MRV_clade_351073
SRR26352217	MRV neg	fixed MSL41	1	0
SRR26352207	RSV neg	fixed MSL41	0	0
SRR26352216	MRV 1e6	fixed MSL41	0	1
SRR26352206	RSV 1e6	fixed MSL41	17	0
SRR26352195	MRV 1e5	fixed MSL41	0	0
SRR26352212	MRV 1e3	fixed MSL41	0	0
SRR26352205	RSV 1e3	fixed MSL41	1	0
SRR26352208	MRV 1e1	fixed MSL41	0	0
SRR26352202	RSV 1e1	fixed MSL41	1	0
SRR26352204	RSV 1e5	fixed MSL41, alt pairing	1	0
SRR26352217	MRV neg	current (Design 1 library, Aug 2026 tree)	1	3
SRR26352207	RSV neg	current (Design 1 library, Aug 2026 tree)	0	3
SRR26352216	MRV 1e6	current (Design 1 library, Aug 2026 tree)	0	6
SRR26352206	RSV 1e6	current (Design 1 library, Aug 2026 tree)	17	8
SRR26352195	MRV 1e5	current (Design 1 library, Aug 2026 tree)	0	2
SRR26352212	MRV 1e3	current (Design 1 library, Aug 2026 tree)	0	3
SRR26352205	RSV 1e3	current (Design 1 library, Aug 2026 tree)	1	2
SRR26352208	MRV 1e1	current (Design 1 library, Aug 2026 tree)	0	6
SRR26352202	RSV 1e1	current (Design 1 library, Aug 2026 tree)	1	7
