transition,RSV_n_descendants_before,RSV_n_descendants_after,RSV_delta_K_local,REO_n_descendants_before,REO_n_descendants_after,REO_delta_K_local
MSL29->MSL30,36,36,0.0,141,141,0.0
MSL30->MSL31,36,36,0.0,141,145,0.0284
MSL31->MSL32,36,36,0.0,145,148,0.0207
MSL32->MSL33,36,36,0.0,148,149,0.0068
MSL33->MSL34,36,40,0.1111,149,149,0.0134
MSL34->MSL35,40,46,0.15,149,152,0.0201
MSL35->MSL36,46,47,0.0217,152,161,0.0592
MSL36->MSL37,47,47,0.0,161,165,0.0248
MSL37->MSL38,47,48,0.0213,165,168,0.0182
MSL38->MSL39,48,48,0.0,168,170,0.0357
MSL39->MSL40,48,48,0.0,170,173,0.0176
MSL40->MSL41,48,48,0.0,173,186,0.0751
