transition,delta_K_ncbi_full,delta_K_ncbi_viral,n_added,n_removed,n_reparented,n_union,n_viral_union
MSL29->MSL30,0.12533,0.14177,163769,2839,7612,1390145,147743
MSL30->MSL31,0.10691,0.11915,153401,3141,8170,1540707,166028
MSL31->MSL32,0.08511,0.12297,126851,2500,12314,1664417,186711
MSL32->MSL33,0.06758,0.03097,106594,1576,11343,1768511,191175
MSL33->MSL34,0.13628,0.02789,268189,1278,7878,2035124,194229
MSL34->MSL35,0.357,0.06446,160933,2600,620010,2194779,202649
MSL35->MSL36,0.07487,0.05463,104409,3504,64024,2296588,211860
MSL36->MSL37,0.04826,0.07118,94827,3994,16425,2387911,224108
MSL37->MSL38,0.04514,0.06971,90892,3663,17147,2474809,234651
MSL38->MSL39,0.04132,0.07849,78398,5039,21917,2549544,242440
MSL39->MSL40,0.04222,0.07412,93298,6199,11865,2637803,258873
MSL40->MSL41,0.04586,0.08698,83898,6744,33901,2715502,273513
