agent	accession	version	current_taxid	label_taxid	route
RSV_A	NC_038235.1	msl29	11250	11250	current
MRV3	NC_013225.1	msl29	538123	538123	current
MRV3	NC_013226.1	msl29	538123	538123	current
MRV3	NC_013227.1	msl29	538123	538123	current
MRV3	NC_013228.1	msl29	538123	538123	current
MRV3	NC_013229.1	msl29	538123	538123	current
MRV3	NC_013230.1	msl29	538123	538123	current
MRV3	NC_013232.1	msl29	538123	538123	current
MRV3	NC_013233.1	msl29	538123	538123	current
MRV3	NC_013234.1	msl29	538123	538123	current
MRV3	NC_013231.1	msl29	538123	538123	current
MVM	NC_001510.1	msl29	10794	10794	current
PPV	NC_001718.1	msl29	10796	10796	current
PCV1	NC_001792.2	msl29	133704	133704	current
PCV2	NC_005148.1	msl29	85708	85708	current
EHDV	NC_013396.1	msl29	449133	449133	current
EHDV	NC_013402.1	msl29	449133	449133	current
EHDV	NC_013404.1	msl29	449133	449133	current
EHDV	NC_013397.1	msl29	449133	449133	current
EHDV	NC_013398.1	msl29	449133	449133	current
EHDV	NC_013399.1	msl29	449133	449133	current
EHDV	NC_013401.1	msl29	449133	449133	current
EHDV	NC_013403.1	msl29	449133	449133	current
EHDV	NC_013405.1	msl29	449133	449133	current
EHDV	NC_013400.1	msl29	449133	449133	current
CacheValley	NC_043618.1	msl29	80935	80935	current
CacheValley	NC_043619.1	msl29	80935	80935	current
CacheValley	NC_043620.1	msl29	80935	80935	current
BVDV1	NC_001461.1	msl29	11099	11099	current
MoMuLV	NC_001501.1	msl29	11801	11801	current
LCMV	NC_004294.1	msl29	3052303	11623	merged_predecessor
LCMV	NC_004291.1	msl29	3052303	11623	merged_predecessor
HAdV_C	NC_001405.1	msl29	129951	129951	current
SV40	NC_001669.1	msl29	1891767	10633	merged_predecessor
RSV_A	NC_038235.1	msl30	11250	11250	current
MRV3	NC_013225.1	msl30	538123	538123	current
MRV3	NC_013226.1	msl30	538123	538123	current
MRV3	NC_013227.1	msl30	538123	538123	current
MRV3	NC_013228.1	msl30	538123	538123	current
MRV3	NC_013229.1	msl30	538123	538123	current
MRV3	NC_013230.1	msl30	538123	538123	current
MRV3	NC_013232.1	msl30	538123	538123	current
MRV3	NC_013233.1	msl30	538123	538123	current
MRV3	NC_013234.1	msl30	538123	538123	current
MRV3	NC_013231.1	msl30	538123	538123	current
MVM	NC_001510.1	msl30	10794	10794	current
PPV	NC_001718.1	msl30	10796	10796	current
PCV1	NC_001792.2	msl30	133704	133704	current
PCV2	NC_005148.1	msl30	85708	85708	current
EHDV	NC_013396.1	msl30	449133	449133	current
EHDV	NC_013402.1	msl30	449133	449133	current
EHDV	NC_013404.1	msl30	449133	449133	current
EHDV	NC_013397.1	msl30	449133	449133	current
EHDV	NC_013398.1	msl30	449133	449133	current
EHDV	NC_013399.1	msl30	449133	449133	current
EHDV	NC_013401.1	msl30	449133	449133	current
EHDV	NC_013403.1	msl30	449133	449133	current
EHDV	NC_013405.1	msl30	449133	449133	current
EHDV	NC_013400.1	msl30	449133	449133	current
CacheValley	NC_043618.1	msl30	80935	80935	current
CacheValley	NC_043619.1	msl30	80935	80935	current
CacheValley	NC_043620.1	msl30	80935	80935	current
BVDV1	NC_001461.1	msl30	11099	11099	current
MoMuLV	NC_001501.1	msl30	11801	11801	current
LCMV	NC_004294.1	msl30	3052303	11623	merged_predecessor
LCMV	NC_004291.1	msl30	3052303	11623	merged_predecessor
HAdV_C	NC_001405.1	msl30	129951	129951	current
SV40	NC_001669.1	msl30	1891767	10633	merged_predecessor
RSV_A	NC_038235.1	msl31	11250	11250	current
MRV3	NC_013225.1	msl31	538123	538123	current
MRV3	NC_013226.1	msl31	538123	538123	current
MRV3	NC_013227.1	msl31	538123	538123	current
MRV3	NC_013228.1	msl31	538123	538123	current
MRV3	NC_013229.1	msl31	538123	538123	current
MRV3	NC_013230.1	msl31	538123	538123	current
MRV3	NC_013232.1	msl31	538123	538123	current
MRV3	NC_013233.1	msl31	538123	538123	current
MRV3	NC_013234.1	msl31	538123	538123	current
MRV3	NC_013231.1	msl31	538123	538123	current
MVM	NC_001510.1	msl31	10794	10794	current
PPV	NC_001718.1	msl31	10796	10796	current
PCV1	NC_001792.2	msl31	133704	133704	current
PCV2	NC_005148.1	msl31	85708	85708	current
EHDV	NC_013396.1	msl31	449133	449133	current
EHDV	NC_013402.1	msl31	449133	449133	current
EHDV	NC_013404.1	msl31	449133	449133	current
EHDV	NC_013397.1	msl31	449133	449133	current
EHDV	NC_013398.1	msl31	449133	449133	current
EHDV	NC_013399.1	msl31	449133	449133	current
EHDV	NC_013401.1	msl31	449133	449133	current
EHDV	NC_013403.1	msl31	449133	449133	current
EHDV	NC_013405.1	msl31	449133	449133	current
EHDV	NC_013400.1	msl31	449133	449133	current
CacheValley	NC_043618.1	msl31	80935	80935	current
CacheValley	NC_043619.1	msl31	80935	80935	current
CacheValley	NC_043620.1	msl31	80935	80935	current
BVDV1	NC_001461.1	msl31	11099	11099	current
MoMuLV	NC_001501.1	msl31	11801	11801	current
LCMV	NC_004294.1	msl31	3052303	11623	merged_predecessor
LCMV	NC_004291.1	msl31	3052303	11623	merged_predecessor
HAdV_C	NC_001405.1	msl31	129951	129951	current
SV40	NC_001669.1	msl31	1891767	1891767	current
RSV_A	NC_038235.1	msl32	11250	11250	current
MRV3	NC_013225.1	msl32	538123	538123	current
MRV3	NC_013226.1	msl32	538123	538123	current
MRV3	NC_013227.1	msl32	538123	538123	current
MRV3	NC_013228.1	msl32	538123	538123	current
MRV3	NC_013229.1	msl32	538123	538123	current
MRV3	NC_013230.1	msl32	538123	538123	current
MRV3	NC_013232.1	msl32	538123	538123	current
MRV3	NC_013233.1	msl32	538123	538123	current
MRV3	NC_013234.1	msl32	538123	538123	current
MRV3	NC_013231.1	msl32	538123	538123	current
MVM	NC_001510.1	msl32	10794	10794	current
PPV	NC_001718.1	msl32	10796	10796	current
PCV1	NC_001792.2	msl32	133704	133704	current
PCV2	NC_005148.1	msl32	85708	85708	current
EHDV	NC_013396.1	msl32	449133	449133	current
EHDV	NC_013402.1	msl32	449133	449133	current
EHDV	NC_013404.1	msl32	449133	449133	current
EHDV	NC_013397.1	msl32	449133	449133	current
EHDV	NC_013398.1	msl32	449133	449133	current
EHDV	NC_013399.1	msl32	449133	449133	current
EHDV	NC_013401.1	msl32	449133	449133	current
EHDV	NC_013403.1	msl32	449133	449133	current
EHDV	NC_013405.1	msl32	449133	449133	current
EHDV	NC_013400.1	msl32	449133	449133	current
CacheValley	NC_043618.1	msl32	80935	80935	current
CacheValley	NC_043619.1	msl32	80935	80935	current
CacheValley	NC_043620.1	msl32	80935	80935	current
BVDV1	NC_001461.1	msl32	11099	11099	current
MoMuLV	NC_001501.1	msl32	11801	11801	current
LCMV	NC_004294.1	msl32	3052303	11623	merged_predecessor
LCMV	NC_004291.1	msl32	3052303	11623	merged_predecessor
HAdV_C	NC_001405.1	msl32	129951	129951	current
SV40	NC_001669.1	msl32	1891767	1891767	current
RSV_A	NC_038235.1	msl33	11250	11250	current
MRV3	NC_013225.1	msl33	538123	538123	current
MRV3	NC_013226.1	msl33	538123	538123	current
MRV3	NC_013227.1	msl33	538123	538123	current
MRV3	NC_013228.1	msl33	538123	538123	current
MRV3	NC_013229.1	msl33	538123	538123	current
MRV3	NC_013230.1	msl33	538123	538123	current
MRV3	NC_013232.1	msl33	538123	538123	current
MRV3	NC_013233.1	msl33	538123	538123	current
MRV3	NC_013234.1	msl33	538123	538123	current
MRV3	NC_013231.1	msl33	538123	538123	current
MVM	NC_001510.1	msl33	10794	10794	current
PPV	NC_001718.1	msl33	10796	10796	current
PCV1	NC_001792.2	msl33	133704	133704	current
PCV2	NC_005148.1	msl33	85708	85708	current
EHDV	NC_013396.1	msl33	449133	449133	current
EHDV	NC_013402.1	msl33	449133	449133	current
EHDV	NC_013404.1	msl33	449133	449133	current
EHDV	NC_013397.1	msl33	449133	449133	current
EHDV	NC_013398.1	msl33	449133	449133	current
EHDV	NC_013399.1	msl33	449133	449133	current
EHDV	NC_013401.1	msl33	449133	449133	current
EHDV	NC_013403.1	msl33	449133	449133	current
EHDV	NC_013405.1	msl33	449133	449133	current
EHDV	NC_013400.1	msl33	449133	449133	current
CacheValley	NC_043618.1	msl33	80935	80935	current
CacheValley	NC_043619.1	msl33	80935	80935	current
CacheValley	NC_043620.1	msl33	80935	80935	current
BVDV1	NC_001461.1	msl33	11099	11099	current
MoMuLV	NC_001501.1	msl33	11801	11801	current
LCMV	NC_004294.1	msl33	3052303	11623	merged_predecessor
LCMV	NC_004291.1	msl33	3052303	11623	merged_predecessor
HAdV_C	NC_001405.1	msl33	129951	129951	current
SV40	NC_001669.1	msl33	1891767	1891767	current
RSV_A	NC_038235.1	msl34	11250	11250	current
MRV3	NC_013225.1	msl34	538123	538123	current
MRV3	NC_013226.1	msl34	538123	538123	current
MRV3	NC_013227.1	msl34	538123	538123	current
MRV3	NC_013228.1	msl34	538123	538123	current
MRV3	NC_013229.1	msl34	538123	538123	current
MRV3	NC_013230.1	msl34	538123	538123	current
MRV3	NC_013232.1	msl34	538123	538123	current
MRV3	NC_013233.1	msl34	538123	538123	current
MRV3	NC_013234.1	msl34	538123	538123	current
MRV3	NC_013231.1	msl34	538123	538123	current
MVM	NC_001510.1	msl34	10794	10794	current
PPV	NC_001718.1	msl34	10796	10796	current
PCV1	NC_001792.2	msl34	133704	133704	current
PCV2	NC_005148.1	msl34	85708	85708	current
EHDV	NC_013396.1	msl34	449133	449133	current
EHDV	NC_013402.1	msl34	449133	449133	current
EHDV	NC_013404.1	msl34	449133	449133	current
EHDV	NC_013397.1	msl34	449133	449133	current
EHDV	NC_013398.1	msl34	449133	449133	current
EHDV	NC_013399.1	msl34	449133	449133	current
EHDV	NC_013401.1	msl34	449133	449133	current
EHDV	NC_013403.1	msl34	449133	449133	current
EHDV	NC_013405.1	msl34	449133	449133	current
EHDV	NC_013400.1	msl34	449133	449133	current
CacheValley	NC_043618.1	msl34	80935	80935	current
CacheValley	NC_043619.1	msl34	80935	80935	current
CacheValley	NC_043620.1	msl34	80935	80935	current
BVDV1	NC_001461.1	msl34	11099	11099	current
MoMuLV	NC_001501.1	msl34	11801	11801	current
LCMV	NC_004294.1	msl34	3052303	11623	merged_predecessor
LCMV	NC_004291.1	msl34	3052303	11623	merged_predecessor
HAdV_C	NC_001405.1	msl34	129951	129951	current
SV40	NC_001669.1	msl34	1891767	1891767	current
RSV_A	NC_038235.1	msl35	11250	11250	current
MRV3	NC_013225.1	msl35	538123	538123	current
MRV3	NC_013226.1	msl35	538123	538123	current
MRV3	NC_013227.1	msl35	538123	538123	current
MRV3	NC_013228.1	msl35	538123	538123	current
MRV3	NC_013229.1	msl35	538123	538123	current
MRV3	NC_013230.1	msl35	538123	538123	current
MRV3	NC_013232.1	msl35	538123	538123	current
MRV3	NC_013233.1	msl35	538123	538123	current
MRV3	NC_013234.1	msl35	538123	538123	current
MRV3	NC_013231.1	msl35	538123	538123	current
MVM	NC_001510.1	msl35	10794	10794	current
PPV	NC_001718.1	msl35	10796	10796	current
PCV1	NC_001792.2	msl35	133704	133704	current
PCV2	NC_005148.1	msl35	85708	85708	current
EHDV	NC_013396.1	msl35	449133	449133	current
EHDV	NC_013402.1	msl35	449133	449133	current
EHDV	NC_013404.1	msl35	449133	449133	current
EHDV	NC_013397.1	msl35	449133	449133	current
EHDV	NC_013398.1	msl35	449133	449133	current
EHDV	NC_013399.1	msl35	449133	449133	current
EHDV	NC_013401.1	msl35	449133	449133	current
EHDV	NC_013403.1	msl35	449133	449133	current
EHDV	NC_013405.1	msl35	449133	449133	current
EHDV	NC_013400.1	msl35	449133	449133	current
CacheValley	NC_043618.1	msl35	80935	80935	current
CacheValley	NC_043619.1	msl35	80935	80935	current
CacheValley	NC_043620.1	msl35	80935	80935	current
BVDV1	NC_001461.1	msl35	11099	11099	current
MoMuLV	NC_001501.1	msl35	11801	11801	current
LCMV	NC_004294.1	msl35	3052303	11623	merged_predecessor
LCMV	NC_004291.1	msl35	3052303	11623	merged_predecessor
HAdV_C	NC_001405.1	msl35	129951	129951	current
SV40	NC_001669.1	msl35	1891767	1891767	current
RSV_A	NC_038235.1	msl36	11250	11250	current
MRV3	NC_013225.1	msl36	538123	538123	current
MRV3	NC_013226.1	msl36	538123	538123	current
MRV3	NC_013227.1	msl36	538123	538123	current
MRV3	NC_013228.1	msl36	538123	538123	current
MRV3	NC_013229.1	msl36	538123	538123	current
MRV3	NC_013230.1	msl36	538123	538123	current
MRV3	NC_013232.1	msl36	538123	538123	current
MRV3	NC_013233.1	msl36	538123	538123	current
MRV3	NC_013234.1	msl36	538123	538123	current
MRV3	NC_013231.1	msl36	538123	538123	current
MVM	NC_001510.1	msl36	10794	10794	current
PPV	NC_001718.1	msl36	10796	10796	current
PCV1	NC_001792.2	msl36	133704	133704	current
PCV2	NC_005148.1	msl36	85708	85708	current
EHDV	NC_013396.1	msl36	449133	449133	current
EHDV	NC_013402.1	msl36	449133	449133	current
EHDV	NC_013404.1	msl36	449133	449133	current
EHDV	NC_013397.1	msl36	449133	449133	current
EHDV	NC_013398.1	msl36	449133	449133	current
EHDV	NC_013399.1	msl36	449133	449133	current
EHDV	NC_013401.1	msl36	449133	449133	current
EHDV	NC_013403.1	msl36	449133	449133	current
EHDV	NC_013405.1	msl36	449133	449133	current
EHDV	NC_013400.1	msl36	449133	449133	current
CacheValley	NC_043618.1	msl36	80935	80935	current
CacheValley	NC_043619.1	msl36	80935	80935	current
CacheValley	NC_043620.1	msl36	80935	80935	current
BVDV1	NC_001461.1	msl36	11099	11099	current
MoMuLV	NC_001501.1	msl36	11801	11801	current
LCMV	NC_004294.1	msl36	3052303	11623	merged_predecessor
LCMV	NC_004291.1	msl36	3052303	11623	merged_predecessor
HAdV_C	NC_001405.1	msl36	129951	129951	current
SV40	NC_001669.1	msl36	1891767	1891767	current
RSV_A	NC_038235.1	msl37	11250	11250	current
MRV3	NC_013225.1	msl37	538123	538123	current
MRV3	NC_013226.1	msl37	538123	538123	current
MRV3	NC_013227.1	msl37	538123	538123	current
MRV3	NC_013228.1	msl37	538123	538123	current
MRV3	NC_013229.1	msl37	538123	538123	current
MRV3	NC_013230.1	msl37	538123	538123	current
MRV3	NC_013232.1	msl37	538123	538123	current
MRV3	NC_013233.1	msl37	538123	538123	current
MRV3	NC_013234.1	msl37	538123	538123	current
MRV3	NC_013231.1	msl37	538123	538123	current
MVM	NC_001510.1	msl37	10794	10794	current
PPV	NC_001718.1	msl37	10796	10796	current
PCV1	NC_001792.2	msl37	133704	133704	current
PCV2	NC_005148.1	msl37	85708	85708	current
EHDV	NC_013396.1	msl37	449133	449133	current
EHDV	NC_013402.1	msl37	449133	449133	current
EHDV	NC_013404.1	msl37	449133	449133	current
EHDV	NC_013397.1	msl37	449133	449133	current
EHDV	NC_013398.1	msl37	449133	449133	current
EHDV	NC_013399.1	msl37	449133	449133	current
EHDV	NC_013401.1	msl37	449133	449133	current
EHDV	NC_013403.1	msl37	449133	449133	current
EHDV	NC_013405.1	msl37	449133	449133	current
EHDV	NC_013400.1	msl37	449133	449133	current
CacheValley	NC_043618.1	msl37	80935	80935	current
CacheValley	NC_043619.1	msl37	80935	80935	current
CacheValley	NC_043620.1	msl37	80935	80935	current
BVDV1	NC_001461.1	msl37	11099	11099	current
MoMuLV	NC_001501.1	msl37	11801	11801	current
LCMV	NC_004294.1	msl37	3052303	11623	merged_predecessor
LCMV	NC_004291.1	msl37	3052303	11623	merged_predecessor
HAdV_C	NC_001405.1	msl37	129951	129951	current
SV40	NC_001669.1	msl37	1891767	1891767	current
RSV_A	NC_038235.1	msl38	11250	11250	current
MRV3	NC_013225.1	msl38	538123	538123	current
MRV3	NC_013226.1	msl38	538123	538123	current
MRV3	NC_013227.1	msl38	538123	538123	current
MRV3	NC_013228.1	msl38	538123	538123	current
MRV3	NC_013229.1	msl38	538123	538123	current
MRV3	NC_013230.1	msl38	538123	538123	current
MRV3	NC_013232.1	msl38	538123	538123	current
MRV3	NC_013233.1	msl38	538123	538123	current
MRV3	NC_013234.1	msl38	538123	538123	current
MRV3	NC_013231.1	msl38	538123	538123	current
MVM	NC_001510.1	msl38	10794	10794	current
PPV	NC_001718.1	msl38	10796	10796	current
PCV1	NC_001792.2	msl38	133704	133704	current
PCV2	NC_005148.1	msl38	85708	85708	current
EHDV	NC_013396.1	msl38	449133	449133	current
EHDV	NC_013402.1	msl38	449133	449133	current
EHDV	NC_013404.1	msl38	449133	449133	current
EHDV	NC_013397.1	msl38	449133	449133	current
EHDV	NC_013398.1	msl38	449133	449133	current
EHDV	NC_013399.1	msl38	449133	449133	current
EHDV	NC_013401.1	msl38	449133	449133	current
EHDV	NC_013403.1	msl38	449133	449133	current
EHDV	NC_013405.1	msl38	449133	449133	current
EHDV	NC_013400.1	msl38	449133	449133	current
CacheValley	NC_043618.1	msl38	80935	80935	current
CacheValley	NC_043619.1	msl38	80935	80935	current
CacheValley	NC_043620.1	msl38	80935	80935	current
BVDV1	NC_001461.1	msl38	11099	11099	current
MoMuLV	NC_001501.1	msl38	11801	11801	current
LCMV	NC_004294.1	msl38	3052303	11623	merged_predecessor
LCMV	NC_004291.1	msl38	3052303	11623	merged_predecessor
HAdV_C	NC_001405.1	msl38	129951	129951	current
SV40	NC_001669.1	msl38	1891767	1891767	current
RSV_A	NC_038235.1	msl39	11250	11250	current
MRV3	NC_013225.1	msl39	538123	538123	current
MRV3	NC_013226.1	msl39	538123	538123	current
MRV3	NC_013227.1	msl39	538123	538123	current
MRV3	NC_013228.1	msl39	538123	538123	current
MRV3	NC_013229.1	msl39	538123	538123	current
MRV3	NC_013230.1	msl39	538123	538123	current
MRV3	NC_013232.1	msl39	538123	538123	current
MRV3	NC_013233.1	msl39	538123	538123	current
MRV3	NC_013234.1	msl39	538123	538123	current
MRV3	NC_013231.1	msl39	538123	538123	current
MVM	NC_001510.1	msl39	10794	10794	current
PPV	NC_001718.1	msl39	10796	10796	current
PCV1	NC_001792.2	msl39	133704	133704	current
PCV2	NC_005148.1	msl39	85708	85708	current
EHDV	NC_013396.1	msl39	449133	449133	current
EHDV	NC_013402.1	msl39	449133	449133	current
EHDV	NC_013404.1	msl39	449133	449133	current
EHDV	NC_013397.1	msl39	449133	449133	current
EHDV	NC_013398.1	msl39	449133	449133	current
EHDV	NC_013399.1	msl39	449133	449133	current
EHDV	NC_013401.1	msl39	449133	449133	current
EHDV	NC_013403.1	msl39	449133	449133	current
EHDV	NC_013405.1	msl39	449133	449133	current
EHDV	NC_013400.1	msl39	449133	449133	current
CacheValley	NC_043618.1	msl39	80935	80935	current
CacheValley	NC_043619.1	msl39	80935	80935	current
CacheValley	NC_043620.1	msl39	80935	80935	current
BVDV1	NC_001461.1	msl39	11099	11099	current
MoMuLV	NC_001501.1	msl39	11801	11801	current
LCMV	NC_004294.1	msl39	3052303	3052303	current
LCMV	NC_004291.1	msl39	3052303	3052303	current
HAdV_C	NC_001405.1	msl39	129951	129951	current
SV40	NC_001669.1	msl39	1891767	1891767	current
RSV_A	NC_038235.1	msl40	11250	11250	current
MRV3	NC_013225.1	msl40	538123	538123	current
MRV3	NC_013226.1	msl40	538123	538123	current
MRV3	NC_013227.1	msl40	538123	538123	current
MRV3	NC_013228.1	msl40	538123	538123	current
MRV3	NC_013229.1	msl40	538123	538123	current
MRV3	NC_013230.1	msl40	538123	538123	current
MRV3	NC_013232.1	msl40	538123	538123	current
MRV3	NC_013233.1	msl40	538123	538123	current
MRV3	NC_013234.1	msl40	538123	538123	current
MRV3	NC_013231.1	msl40	538123	538123	current
MVM	NC_001510.1	msl40	10794	10794	current
PPV	NC_001718.1	msl40	10796	10796	current
PCV1	NC_001792.2	msl40	133704	133704	current
PCV2	NC_005148.1	msl40	85708	85708	current
EHDV	NC_013396.1	msl40	449133	449133	current
EHDV	NC_013402.1	msl40	449133	449133	current
EHDV	NC_013404.1	msl40	449133	449133	current
EHDV	NC_013397.1	msl40	449133	449133	current
EHDV	NC_013398.1	msl40	449133	449133	current
EHDV	NC_013399.1	msl40	449133	449133	current
EHDV	NC_013401.1	msl40	449133	449133	current
EHDV	NC_013403.1	msl40	449133	449133	current
EHDV	NC_013405.1	msl40	449133	449133	current
EHDV	NC_013400.1	msl40	449133	449133	current
CacheValley	NC_043618.1	msl40	80935	80935	current
CacheValley	NC_043619.1	msl40	80935	80935	current
CacheValley	NC_043620.1	msl40	80935	80935	current
BVDV1	NC_001461.1	msl40	11099	11099	current
MoMuLV	NC_001501.1	msl40	11801	11801	current
LCMV	NC_004294.1	msl40	3052303	3052303	current
LCMV	NC_004291.1	msl40	3052303	3052303	current
HAdV_C	NC_001405.1	msl40	129951	129951	current
SV40	NC_001669.1	msl40	1891767	1891767	current
RSV_A	NC_038235.1	msl41	11250	11250	current
MRV3	NC_013225.1	msl41	538123	538123	current
MRV3	NC_013226.1	msl41	538123	538123	current
MRV3	NC_013227.1	msl41	538123	538123	current
MRV3	NC_013228.1	msl41	538123	538123	current
MRV3	NC_013229.1	msl41	538123	538123	current
MRV3	NC_013230.1	msl41	538123	538123	current
MRV3	NC_013232.1	msl41	538123	538123	current
MRV3	NC_013233.1	msl41	538123	538123	current
MRV3	NC_013234.1	msl41	538123	538123	current
MRV3	NC_013231.1	msl41	538123	538123	current
MVM	NC_001510.1	msl41	10794	10794	current
PPV	NC_001718.1	msl41	10796	10796	current
PCV1	NC_001792.2	msl41	133704	133704	current
PCV2	NC_005148.1	msl41	85708	85708	current
EHDV	NC_013396.1	msl41	449133	449133	current
EHDV	NC_013402.1	msl41	449133	449133	current
EHDV	NC_013404.1	msl41	449133	449133	current
EHDV	NC_013397.1	msl41	449133	449133	current
EHDV	NC_013398.1	msl41	449133	449133	current
EHDV	NC_013399.1	msl41	449133	449133	current
EHDV	NC_013401.1	msl41	449133	449133	current
EHDV	NC_013403.1	msl41	449133	449133	current
EHDV	NC_013405.1	msl41	449133	449133	current
EHDV	NC_013400.1	msl41	449133	449133	current
CacheValley	NC_043618.1	msl41	80935	80935	current
CacheValley	NC_043619.1	msl41	80935	80935	current
CacheValley	NC_043620.1	msl41	80935	80935	current
BVDV1	NC_001461.1	msl41	11099	11099	current
MoMuLV	NC_001501.1	msl41	11801	11801	current
LCMV	NC_004294.1	msl41	3052303	3052303	current
LCMV	NC_004291.1	msl41	3052303	3052303	current
HAdV_C	NC_001405.1	msl41	129951	129951	current
SV40	NC_001669.1	msl41	1891767	1891767	current
