accession,current_taxid,predecessor_taxid,n_reads,n_correct_to_predecessor,pct_correct_predecessor,pct_any_classified,description
NC_034381.1,2870378,1195365,5000,5000,100.00,100.00,"Miniopterus schreibersii picornavirus 1, complete genome"
NC_033476.1,2849745,1516075,5000,5000,100.00,100.00,"Botryosphaeria dothidea virus 1 strain YZN115 RNA-dependent RNA polymerase (RdRp) gene, complete cds"
NC_033477.1,2849745,1516075,5000,5000,100.00,100.00,"Botryosphaeria dothidea virus 1 strain YZN115 segment RNA2 hypothetical protein gene, complete cds"
NC_033494.1,2849745,1516075,5000,5000,100.00,100.00,"Botryosphaeria dothidea virus 1 strain YZN115 segment RNA3 hypothetical protein gene, complete cds"
NC_033495.1,2849745,1516075,5000,5000,100.00,100.00,"Botryosphaeria dothidea virus 1 strain YZN115 segment RNA4 hypothetical protein gene, complete cds"
NC_033496.1,2849745,1516075,5000,5000,100.00,100.00,"Botryosphaeria dothidea virus 1 strain YZN115 segment RNA5 hypothetical protein gene, complete cds"
NC_034617.1,2870375,1987722,5000,5000,100.00,100.00,"Harrier picornavirus 1 strain harrier/MR-01/HUN/2014, complete genome"
NC_022332.1,2870364,1398149,5000,5000,100.00,100.00,"Eel picornavirus 1 strain F15/05, complete genome"
NC_026470.1,2870348,2003501,5000,5000,100.00,100.00,"African bat icavirus A isolate PREDICT-06105, complete genome"
AC_000009.1,3241440,130371,5000,5000,100.00,100.00,"Porcine adenovirus C, complete genome"
NC_039041.1,2847277,1776868,5000,5000,100.00,100.00,"Rusa timorensis papillomavirus type 1 isolate IZW 39/08, complete genome"
NC_023162.1,2870354,1439369,5000,5000,100.00,100.00,"Carp picornavirus 1 isolate F37/06, complete genome"
NC_040611.1,3121209,2041149,5000,5000,100.00,100.00,"Hedgehog dicipivirus strain hedgehog/H14/2015/HUN, complete genome"
NC_032105.1,2848082,1923976,5000,5000,100.00,100.00,"Simian mastadenovirus WIV19, complete genome"
NC_055108.1,2848036,1871132,5000,5000,100.00,100.00,"Poecivirus BCCH-449 polyprotein gene, complete cds"
NC_055003.1,2847818,2305481,5000,3696,73.92,100.00,"Lactococcus phage vB_Llc_bIBB12, complete genome"
NC_048148.1,2848038,2508090,5000,5000,100.00,100.00,"Providencia phage vB PstP PS3, complete genome"
NC_073761.1,3071296,745349,5000,4960,99.20,99.20,"Spiroplasma phage SVGII3, complete genome"
NC_077218.1,2849721,1934253,5000,5000,100.00,100.00,"Daphnia iridovirus 1 genome assembly, chromosome: 1"
NC_075965.1,3241439,130370,5000,5000,100.00,100.00,"Porcine mastadenovirus B isolate HNU1, complete genome"
NC_076005.1,2870355,2116174,5000,5000,100.00,100.00,"Chinese broad-headed pond turtle picornavirus 1 strain WHWGC151314 polyprotein (QKJ71_gp1) gene, complete cds"
NC_076508.1,2870356,2116176,5000,5000,100.00,100.00,"Chinese softshell turtle picornavirus 1 strain WHJYGF74978 polyprotein (QKO81_gp1) gene, complete cds"
NC_076015.1,2870402,2116210,5000,5000,100.00,100.00,"Wenling jack mackerels picornavirus strain LXMC375591 polyprotein (QKJ81_gp1) gene, complete cds"
NC_076627.1,3071315,2116363,5000,5000,100.00,100.00,"Wuhan redfin culter dimarhabodovirus strain DSYS6218 nucleoprotein (QKQ00_gp1), hypothetical protein (QKQ00_gp2), matrix protein (QKQ00_gp3), glycoprotein (QKQ00_gp4), and L protein (QKQ00_gp5) genes, complete cds"
NC_076204.1,3071284,2231706,5000,5000,100.00,100.00,"Sclerotinia sclerotiorum negative-stranded RNA virus 2-A isolate SsNSRV2-A2, partial genome"
NC_076965.1,3118716,2597167,5000,4987,99.74,99.82,"Pteropus lylei-associated alphaherpesvirus DNA, complete genome"
NC_076340.1,2848040,2603316,5000,5000,100.00,100.00,"MAG: Corella adenovirus 1 isolate CorAdV1/Melbourne/2015, complete genome"
NC_077038.1,3070179,2608085,5000,5000,100.00,100.00,"Bactericera trigonica densovirus, complete genome"
NC_077074.1,3070825,2785212,5000,5000,100.00,100.00,"Chaphamaparvovirus gyb-MR2/2015/HUN nonstructural protein 1 (QKU55_gp1), nonstructural protein 2 (QKU55_gp2), and capsid protein (QKU55_gp3) genes, complete cds"
NC_078286.1,2847074,2562518,5000,5000,100.00,100.00,"Carcinus maenas portunibunyavirus 1 isolate RA14048 segment S, complete sequence"
NC_078287.1,2847074,2562518,5000,5000,100.00,100.00,"Carcinus maenas portunibunyavirus 1 isolate RA14048 segment M, complete sequence"
NC_078288.1,2847074,2562518,5000,5000,100.00,100.00,"Carcinus maenas portunibunyavirus 1 isolate RA14048 segment L, complete sequence"
NC_079041.1,3071303,2734846,5000,5000,100.00,100.00,"Surrounding non-legume associated secovirus isolate SNLaSVMuenster_17 segment RNA1, complete sequence"
NC_079042.1,3071303,2734846,5000,5000,100.00,100.00,"Surrounding non-legume associated secovirus isolate SNLaSV/Muenster_17 segment RNA2, complete sequence"
NC_078343.1,3118717,2746363,5000,5000,100.00,100.00,Blattodean nairo-related virus OKIAV321 segment S genomic sequence
NC_078344.1,3118717,2746363,5000,5000,100.00,100.00,Blattodean nairo-related virus OKIAV321 segment L genomic sequence
NC_078345.1,3118717,2746363,5000,5000,100.00,100.00,Blattodean nairo-related virus OKIAV321 segment M genomic sequence
NC_079101.1,3071295,2921793,5000,5000,100.00,100.00,"Solanum violifolium ringspot virus isolate Prb1 segment RNA1, complete sequence"
NC_079102.1,3071295,2921793,5000,5000,100.00,100.00,"Solanum violifolium ringspot virus isolate Prb1 segment RNA2, complete sequence"
