database	version	read_pairs	classified	in_MRV_clade_351073	top_destinations
fixed	msl29	5000	3008	3008	10886:2710;538123:298
fixed	msl30	5000	3008	3008	10886:2710;538123:298
fixed	msl31	5000	3008	3008	10886:2710;538123:298
fixed	msl32	5000	3008	3008	10886:2710;538123:298
fixed	msl33	5000	3008	3008	10886:2710;538123:298
fixed	msl34	5000	3008	3008	10886:2710;538123:298
fixed	msl35	5000	3008	3008	10886:2710;538123:298
fixed	msl36	5000	3008	3008	10886:2710;538123:298
fixed	msl37	5000	3008	3008	10886:2710;538123:298
fixed	msl38	5000	3008	3008	10886:2710;538123:298
fixed	msl39	5000	3008	3008	10886:2710;538123:298
fixed	msl40	5000	3008	3008	10886:2710;538123:298
fixed	msl41	5000	3008	3008	10886:2710;538123:298
d1	msl29	5000	3008	3008	10886:2710;538123:298
d1	msl30	5000	3008	3008	10886:2710;538123:298
d1	msl31	5000	3008	3008	10886:2710;538123:298
d1	msl32	5000	3009	3008	10886:2710;538123:298;980895:1
d1	msl33	5000	3009	3009	10886:2711;538123:298
d1	msl34	5000	3008	3008	10886:2710;538123:298
d1	msl35	5000	3011	3007	10886:2710;538123:297;1980928:4
d1	msl36	5000	3014	3010	10886:2711;538123:299;10239:2;2732396:1
d1	msl37	5000	3008	3008	10886:2710;538123:298
d1	msl38	5000	3008	3008	10886:2710;538123:298
d1	msl39	5000	3008	3008	10886:2710;538123:298
d1	msl40	5000	3009	3008	10886:2710;538123:298;2560210:1
d1	msl41	5000	3008	3008	10886:2710;538123:298
d3	msl29	5000	3008	3008	10886:2710;538123:298
d3	msl30	5000	3008	3008	10886:2710;538123:298
d3	msl31	5000	3008	3008	10886:2710;538123:298
d3	msl32	5000	3008	3008	10886:2710;538123:298
d3	msl33	5000	3008	3008	10886:2710;538123:298
d3	msl34	5000	3008	3008	10886:2710;538123:298
d3	msl35	5000	3008	3008	10886:2710;538123:298
d3	msl36	5000	3008	3008	10886:2710;538123:298
d3	msl37	5000	3008	3008	10886:2710;538123:298
d3	msl38	5000	3008	3008	10886:2710;538123:298
d3	msl39	5000	3008	3008	10886:2710;538123:298
d3	msl40	5000	3008	3008	10886:2710;538123:298
d3	msl41	5000	3008	3008	10886:2710;538123:298
prebuilt	20201202	5000	1663	1663	538123:1663
prebuilt	20210517	5000	1663	1663	538123:1663
prebuilt	20220607	5000	3008	3008	538123:3008
prebuilt	20220908	5000	1663	1663	538123:1663
prebuilt	20221209	5000	1664	1664	538123:1664
prebuilt	20230314	5000	1664	1664	538123:1664
prebuilt	20230605	5000	3008	3008	10886:2710;538123:298
prebuilt	20231009	5000	3008	3008	10886:2710;538123:298
prebuilt	20240112	5000	3009	3008	10886:2710;538123:298;2795181:1
prebuilt	20240605	5000	3009	3008	10886:2710;538123:298;2795181:1
prebuilt	20240904	5000	3011	3007	10886:2710;538123:297;1623281:4
prebuilt	20241228	5000	3009	3008	10886:2710;538123:298;2772091:1
prebuilt	20250402	5000	3009	3008	10886:2710;538123:298;2772091:1
prebuilt	20250714	5000	3008	3008	10886:2710;538123:298
prebuilt	20251015	5000	3008	3008	10886:2710;538123:298
prebuilt	20260226	5000	3008	3008	10886:2710;538123:298
prebuilt	20260626	5000	3008	3008	10886:2710;538123:298
current		5000	3008	3008	10886:2710;538123:298
d3_msl41_conf0.1		5000	2257	2257	10886:2239;538123:18
d3_msl41_by_segment	AF129820.1	826		826	
d3_msl41_by_segment	AF174382.1	475		287	
d3_msl41_by_segment	AF378003.1	829		67	
d3_msl41_by_segment	AF461682.1	488		488	
d3_msl41_by_segment	AF490617.1	467		120	
d3_msl41_by_segment	EF494445.1	310		0	
d3_msl41_by_segment	M13139.1	253		246	
d3_msl41_by_segment	M14325.1	254		111	
d3_msl41_by_segment	M17598.1	282		47	
d3_msl41_by_segment	M24734.1	816		816	
