index	agent	target_taxid	read_pairs	classified	on_target
20201202	RSV_A	11250	5000	4996	4993
20201202	MRV3	538123	5000	5000	5000
20201202	MVM	10794	5000	5000	5000
20201202	PPV	10796	5000	5000	5000
20201202	PCV1	133704	5000	5000	4653
20201202	PCV2	85708	5000	5000	5000
20201202	EHDV	449133	5002	5002	5002
20201202	CacheValley	80935	5001	5001	4992
20201202	BVDV1	11099	5000	5000	5000
20201202	MoMuLV	11801	5000	5000	4701
20201202	LCMV	1653394	5000	5000	5000
20201202	HAdV_C	129951	5000	5000	5000
20201202	SV40	1891767	5000	5000	5000
20201202	Vesivirus2117		5000	800	0
20210517	RSV_A	11250	5000	4997	4994
20210517	MRV3	538123	5000	5000	5000
20210517	MVM	10794	5000	5000	5000
20210517	PPV	10796	5000	5000	5000
20210517	PCV1	133704	5000	5000	4653
20210517	PCV2	85708	5000	5000	5000
20210517	EHDV	449133	5002	5002	5002
20210517	CacheValley	80935	5001	5001	4992
20210517	BVDV1	11099	5000	5000	5000
20210517	MoMuLV	11801	5000	5000	4701
20210517	LCMV	1653394	5000	5000	5000
20210517	HAdV_C	129951	5000	5000	5000
20210517	SV40	1891767	5000	5000	5000
20210517	Vesivirus2117		5000	800	0
20220607	RSV_A	11250	5000	4997	4994
20220607	MRV3	538123	5000	5000	5000
20220607	MVM	10794	5000	5000	4904
20220607	PPV	10796	5000	5000	5000
20220607	PCV1	133704	5000	5000	4652
20220607	PCV2	85708	5000	5000	5000
20220607	EHDV	449133	5002	5002	5002
20220607	CacheValley	80935	5001	5001	4992
20220607	BVDV1	11099	5000	5000	5000
20220607	MoMuLV	11801	5000	5000	4717
20220607	LCMV	1653394	5000	5000	5000
20220607	HAdV_C	129951	5000	5000	5000
20220607	SV40	1891767	5000	5000	5000
20220607	Vesivirus2117		5000	800	0
20220908	RSV_A	11250	5000	4997	4994
20220908	MRV3	538123	5000	5000	5000
20220908	MVM	10794	5000	5000	5000
20220908	PPV	10796	5000	5000	5000
20220908	PCV1	133704	5000	5000	4652
20220908	PCV2	85708	5000	5000	5000
20220908	EHDV	449133	5002	5002	5002
20220908	CacheValley	80935	5001	5001	4992
20220908	BVDV1	11099	5000	5000	5000
20220908	MoMuLV	11801	5000	5000	4701
20220908	LCMV	1653394	5000	5000	5000
20220908	HAdV_C	129951	5000	5000	5000
20220908	SV40	1891767	5000	5000	5000
20220908	Vesivirus2117		5000	800	0
20221209	RSV_A	11250	5000	4997	4994
20221209	MRV3	538123	5000	5000	5000
20221209	MVM	10794	5000	5000	5000
20221209	PPV	10796	5000	5000	5000
20221209	PCV1	133704	5000	5000	4652
20221209	PCV2	85708	5000	5000	5000
20221209	EHDV	449133	5002	5002	5002
20221209	CacheValley	80935	5001	5001	4992
20221209	BVDV1	11099	5000	5000	5000
20221209	MoMuLV	11801	5000	5000	4701
20221209	LCMV	1653394	5000	5000	5000
20221209	HAdV_C	129951	5000	5000	5000
20221209	SV40	1891767	5000	5000	5000
20221209	Vesivirus2117		5000	800	0
20230314	RSV_A	11250	5000	4997	4994
20230314	MRV3	538123	5000	5000	5000
20230314	MVM	10794	5000	5000	5000
20230314	PPV	10796	5000	5000	5000
20230314	PCV1	133704	5000	5000	4652
20230314	PCV2	85708	5000	5000	5000
20230314	EHDV	449133	5002	5002	5002
20230314	CacheValley	80935	5001	5001	4992
20230314	BVDV1	11099	5000	5000	5000
20230314	MoMuLV	11801	5000	5000	4701
20230314	LCMV	1653394	5000	5000	5000
20230314	HAdV_C	129951	5000	5000	5000
20230314	SV40	1891767	5000	5000	5000
20230314	Vesivirus2117		5000	800	0
20230605	RSV_A	11250	5000	4997	4994
20230605	MRV3	538123	5000	5000	5000
20230605	MVM	10794	5000	5000	5000
20230605	PPV	10796	5000	5000	5000
20230605	PCV1	133704	5000	5000	4652
20230605	PCV2	85708	5000	5000	5000
20230605	EHDV	449133	5002	5002	5002
20230605	CacheValley	80935	5001	5001	4992
20230605	BVDV1	11099	5000	5000	5000
20230605	MoMuLV	11801	5000	5000	4701
20230605	LCMV	1653394	5000	5000	5000
20230605	HAdV_C	129951	5000	5000	5000
20230605	SV40	1891767	5000	5000	5000
20230605	Vesivirus2117		5000	800	0
20231009	RSV_A	11250	5000	4997	4994
20231009	MRV3	538123	5000	5000	5000
20231009	MVM	10794	5000	5000	5000
20231009	PPV	10796	5000	5000	5000
20231009	PCV1	133704	5000	5000	4652
20231009	PCV2	85708	5000	5000	5000
20231009	EHDV	449133	5002	5002	5002
20231009	CacheValley	80935	5001	5001	4992
20231009	BVDV1	11099	5000	5000	5000
20231009	MoMuLV	11801	5000	5000	4701
20231009	LCMV	3052303	5000	5000	5000
20231009	HAdV_C	129951	5000	5000	5000
20231009	SV40	1891767	5000	5000	5000
20231009	Vesivirus2117		5000	800	0
20240112	RSV_A	11250	5000	4997	4994
20240112	MRV3	538123	5000	5000	5000
20240112	MVM	10794	5000	5000	5000
20240112	PPV	10796	5000	5000	5000
20240112	PCV1	133704	5000	5000	4652
20240112	PCV2	85708	5000	5000	5000
20240112	EHDV	449133	5002	5002	5002
20240112	CacheValley	80935	5001	5001	4992
20240112	BVDV1	11099	5000	5000	5000
20240112	MoMuLV	11801	5000	5000	4701
20240112	LCMV	3052303	5000	5000	5000
20240112	HAdV_C	129951	5000	5000	5000
20240112	SV40	1891767	5000	5000	5000
20240112	Vesivirus2117		5000	801	0
20240605	RSV_A	11250	5000	4997	4994
20240605	MRV3	538123	5000	5000	5000
20240605	MVM	10794	5000	5000	5000
20240605	PPV	10796	5000	5000	5000
20240605	PCV1	133704	5000	5000	4652
20240605	PCV2	85708	5000	5000	5000
20240605	EHDV	449133	5002	5002	5002
20240605	CacheValley	80935	5001	5001	4992
20240605	BVDV1	11099	5000	5000	5000
20240605	MoMuLV	11801	5000	5000	4701
20240605	LCMV	3052303	5000	5000	5000
20240605	HAdV_C	129951	5000	5000	5000
20240605	SV40	1891767	5000	5000	5000
20240605	Vesivirus2117		5000	801	0
20240904	RSV_A	11250	5000	4997	4997
20240904	MRV3	538123	5000	5000	5000
20240904	MVM	10794	5000	5000	5000
20240904	PPV	10796	5000	5000	5000
20240904	PCV1	133704	5000	5000	4652
20240904	PCV2	85708	5000	5000	5000
20240904	EHDV	449133	5002	5002	5002
20240904	CacheValley	80935	5001	5001	4992
20240904	BVDV1	11099	5000	5000	5000
20240904	MoMuLV	11801	5000	5000	4701
20240904	LCMV	3052303	5000	5000	5000
20240904	HAdV_C	129951	5000	5000	5000
20240904	SV40	1891767	5000	5000	5000
20240904	Vesivirus2117		5000	800	0
20241228	RSV_A	11250	5000	4997	4997
20241228	MRV3	538123	5000	5000	5000
20241228	MVM	10794	5000	5000	5000
20241228	PPV	10796	5000	5000	5000
20241228	PCV1	133704	5000	5000	4652
20241228	PCV2	85708	5000	5000	5000
20241228	EHDV	449133	5002	5002	5002
20241228	CacheValley	80935	5001	5001	4992
20241228	BVDV1	11099	5000	5000	5000
20241228	MoMuLV	11801	5000	5000	4701
20241228	LCMV	3052303	5000	5000	5000
20241228	HAdV_C	129951	5000	5000	5000
20241228	SV40	1891767	5000	5000	5000
20241228	Vesivirus2117		5000	800	0
20250402	RSV_A	11250	5000	4997	4997
20250402	MRV3	538123	5000	5000	5000
20250402	MVM	10794	5000	5000	5000
20250402	PPV	10796	5000	5000	5000
20250402	PCV1	133704	5000	5000	4652
20250402	PCV2	85708	5000	5000	5000
20250402	EHDV	449133	5002	5002	5002
20250402	CacheValley	80935	5001	5001	4992
20250402	BVDV1	11099	5000	5000	5000
20250402	MoMuLV	11801	5000	5000	4701
20250402	LCMV	3052303	5000	5000	5000
20250402	HAdV_C	129951	5000	5000	5000
20250402	SV40	1891767	5000	5000	5000
20250402	Vesivirus2117		5000	800	0
20250714	RSV_A	11250	5000	4997	4997
20250714	MRV3	538123	5000	5000	5000
20250714	MVM	10794	5000	5000	5000
20250714	PPV	10796	5000	5000	5000
20250714	PCV1	133704	5000	5000	4652
20250714	PCV2	85708	5000	5000	5000
20250714	EHDV	449133	5002	5002	5002
20250714	CacheValley	80935	5001	5001	4992
20250714	BVDV1	11099	5000	5000	5000
20250714	MoMuLV	11801	5000	5000	4701
20250714	LCMV	3052303	5000	5000	5000
20250714	HAdV_C	129951	5000	5000	5000
20250714	SV40	1891767	5000	5000	5000
20250714	Vesivirus2117		5000	800	0
20251015	RSV_A	11250	5000	4997	4997
20251015	MRV3	538123	5000	5000	5000
20251015	MVM	10794	5000	5000	5000
20251015	PPV	10796	5000	5000	5000
20251015	PCV1	133704	5000	5000	4651
20251015	PCV2	85708	5000	5000	5000
20251015	EHDV	449133	5002	5002	5002
20251015	CacheValley	80935	5001	5001	4992
20251015	BVDV1	11099	5000	5000	5000
20251015	MoMuLV	11801	5000	5000	4701
20251015	LCMV	3052303	5000	5000	5000
20251015	HAdV_C	129951	5000	5000	5000
20251015	SV40	1891767	5000	5000	5000
20251015	Vesivirus2117		5000	800	0
20260226	RSV_A	11250	5000	4997	4997
20260226	MRV3	538123	5000	5000	5000
20260226	MVM	10794	5000	5000	5000
20260226	PPV	10796	5000	5000	5000
20260226	PCV1	133704	5000	5000	4651
20260226	PCV2	85708	5000	5000	5000
20260226	EHDV	449133	5002	5002	5002
20260226	CacheValley	80935	5001	5001	4992
20260226	BVDV1	11099	5000	5000	5000
20260226	MoMuLV	11801	5000	5000	4701
20260226	LCMV	3052303	5000	5000	5000
20260226	HAdV_C	129951	5000	5000	5000
20260226	SV40	1891767	5000	5000	5000
20260226	Vesivirus2117		5000	800	0
20260626	RSV_A	11250	5000	4997	4997
20260626	MRV3	538123	5000	5000	5000
20260626	MVM	10794	5000	5000	5000
20260626	PPV	10796	5000	5000	5000
20260626	PCV1	133704	5000	5000	4651
20260626	PCV2	85708	5000	5000	5000
20260626	EHDV	449133	5002	5002	5002
20260626	CacheValley	80935	5001	5001	4992
20260626	BVDV1	11099	5000	5000	5000
20260626	MoMuLV	11801	5000	5000	4701
20260626	LCMV	3052303	5000	5000	5000
20260626	HAdV_C	129951	5000	5000	5000
20260626	SV40	1891767	5000	5000	5000
20260626	Vesivirus2117		5000	800	0
