update	classified_in_both	discordant	pct
20201202->20210517	1819736	1119	0.061
20210517->20220607	1901121	442938	23.299
20220607->20220908	1094469	1582	0.145
20220908->20221209	1094549	128	0.012
20221209->20230314	1094556	175	0.016
20230314->20230605	1019088	2336	0.229
20230605->20231009	1023203	4348	0.425
20231009->20240112	1023206	48	0.005
20240112->20240605	1029379	197	0.019
20240605->20240904	1023194	24	0.002
20240904->20241228	1023189	34	0.003
20241228->20250402	1028083	0	0.0
20250402->20250714	1023194	314	0.031
20250714->20251015	1839988	26	0.001
20251015->20260226	1839892	120	0.007
20260226->20260626	1839896	115	0.006
