scheme	agent	read_pairs	on_target_min	on_target_max	pct_exposed_min	pct_exposed_max	reads_exposed_in_any_version	on_target_range_all_versions	largest_change_consecutive	max_membership_changes_any_pair	exposed_either_version_for_that_pair	unexposed_membership_changes_all_pairs	on_target_conf0.1_min	on_target_conf0.1_max	pct_lineage_exposed_min	pct_lineage_exposed_max	reads_lineage_exposed_in_any_version	lineage_exposed_either_version_for_max_pair	membership_changes_without_lineage_exposure_all_pairs
d1	BVDV1	5000	5000	5000	13.06	84.2	4219	0	0	0	0	0			0.3	1.7	114	80	0
d1	CacheValley	5001	4992	4993	74.35	77.84	3902	1	1	1	3735	0			1.76	3.56	211	182	0
d1	EHDV	5002	5002	5002	0.58	1.84	148	0	0	0	0	0			0.04	0.14	31	7	0
d1	HAdV_C	5000	5000	5000	38.62	41.12	2075	0	0	0	0	0			2.02	2.4	144	122	0
d1	LCMV	5000	0	5000	5.8	11.46	632	5000	5000	5000	573	134826			0.4	6.9	378	355	140616
d1	MRV1_Lang	5000	3007	3010	0.02	1.18	132	3	3	3	102	0			0.02	1.18	132	102	0
d1	MRV3	5000	5000	5000	0.0	1.0	77	0	0	0	0	0			0.0	0.12	29	8	0
d1	MVM	5000	5000	5000	23.58	24.24	1233	0	0	0	0	0			0.26	0.42	43	19	0
d1	MoMuLV	5000	4701	4702	85.14	85.22	4264	1	1	1	4258	0			4.98	5.1	276	254	0
d1	PCV1	5000	4651	4653	67.32	67.4	3377	2	1	2	3368	0			16.08	16.56	844	831	0
d1	PCV2	5000	5000	5000	93.14	93.18	4659	0	0	0	0	0			1.3	1.82	112	91	0
d1	PPV	5000	5000	5000	13.78	14.04	730	0	0	0	0	0			0.08	0.4	50	19	0
d1	RSV_A	5000	4997	4997	12.64	14.58	806	0	0	0	0	0			0.22	0.32	39	16	0
d1	SV40	5000	0	5000	25.86	42.7	2282	5000	5000	5000	1534	65966			0.78	28.36	1652	1625	78203
d3	BVDV1	5000	5000	5000	14.4	83.06	4153	0	0	0	0	0	4999	4999	0.36	1.62	81	81	0
d3	CacheValley	5001	4992	4993	77.78	77.8	3891	1	1	1	3890	0	4963	4963	1.68	3.5	175	175	0
d3	EHDV	5002	5002	5002	1.46	2.62	131	0	0	0	0	0	4999	4999	0.84	0.9	45	45	0
d3	HAdV_C	5000	5000	5000	40.56	40.58	2029	0	0	0	0	0	5000	5000	2.04	2.3	116	115	0
d3	LCMV	5000	5000	5000	9.26	9.34	467	0	0	0	0	0	5000	5000	0.12	0.48	24	24	0
d3	MRV1_Lang	5000	3008	3008	0.88	0.9	45	0	0	0	0	0			0.04	0.06	3	3	0
d3	MRV3	5000	5000	5000	0.04	0.1	5	0	0	0	0	0	5000	5000	0.0	0.1	5	5	0
d3	MVM	5000	5000	5000	24.16	24.28	1214	0	0	0	0	0	5000	5000	0.26	0.46	24	23	0
d3	MoMuLV	5000	4701	4702	85.16	85.18	4259	1	1	1	4258	0	3958	3958	5.0	5.1	255	255	0
d3	PCV1	5000	4651	4653	67.32	67.32	3366	2	1	2	3366	0	3539	3539	16.08	16.48	824	824	0
d3	PCV2	5000	5000	5000	93.16	93.16	4658	0	0	0	0	0	4997	4997	1.3	1.44	72	72	0
d3	PPV	5000	5000	5000	13.88	13.92	696	0	0	0	0	0	5000	5000	0.1	0.3	15	15	0
d3	RSV_A	5000	4997	4997	13.86	13.98	699	0	0	0	0	0	4985	4985	0.02	0.38	19	19	0
d3	SV40	5000	5000	5000	42.56	42.62	2131	0	0	0	0	0	5000	5000	0.52	5.02	254	251	0
fixed	BVDV1	5000	5000	5000	13.1	82.76	4138	0	0	0	0	0			0.34	1.42	71	71	0
fixed	CacheValley	5001	4992	4993	74.35	74.35	3718	1	1	1	3718	0			1.76	1.8	90	90	0
fixed	EHDV	5002	5002	5002	0.6	0.62	31	0	0	0	0	0			0.06	0.08	4	4	0
fixed	HAdV_C	5000	5000	5000	38.62	38.62	1931	0	0	0	0	0			1.94	2.06	103	103	0
fixed	LCMV	5000	0	0	5.8	5.8	290	0	0	0	0	0			5.78	5.78	289	289	0
fixed	MRV1_Lang	5000	3008	3008	0.04	0.06	3	0	0	0	0	0			0.04	0.06	3	3	0
fixed	MRV3	5000	5000	5000	0.02	0.06	3	0	0	0	0	0			0.02	0.06	3	3	0
fixed	MVM	5000	5000	5000	23.6	23.66	1183	0	0	0	0	0			0.28	0.34	17	17	0
fixed	MoMuLV	5000	4701	4702	85.14	85.14	4257	1	1	1	4257	0			4.96	4.96	248	248	0
fixed	PCV1	5000	4653	4653	67.32	67.32	3366	0	0	0	0	0			16.08	16.08	804	804	0
fixed	PCV2	5000	5000	5000	93.14	93.14	4657	0	0	0	0	0			1.34	1.34	67	67	0
fixed	PPV	5000	5000	5000	13.78	13.8	690	0	0	0	0	0			0.08	0.1	5	5	0
fixed	RSV_A	5000	4997	4997	12.64	12.68	634	0	0	0	0	0			0.22	0.26	13	13	0
fixed	SV40	5000	0	0	25.86	25.86	1293	0	0	0	0	0			24.74	24.76	1238	1237	0
prebuilt	BVDV1	5000	5000	5000	11.72	83.06	4174	0	0	0	0	0	4999	4999	0.32	1.66	129	84	0
prebuilt	CacheValley	5001	4992	4992	73.17	78.06	3975	0	0	0	0	0	4963	4963	1.22	3.62	230	184	0
prebuilt	EHDV	5002	5002	5002	0.68	1.58	133	0	0	0	0	0	4999	4999	0.06	0.22	61	7	0
prebuilt	HAdV_C	5000	5000	5000	39.76	40.96	2093	0	0	0	0	0	5000	5000	2.14	2.36	165	121	0
prebuilt	LCMV	5000	5000	5000	0.06	9.44	594	0	0	0	0	0	5000	5000	0.0	0.58	68	33	0
prebuilt	MRV1_Lang	5000	1663	3008	0.02	1.2	213	1345	1345	1347	42	80423			0.02	0.92	123	41	80633
prebuilt	MRV3	5000	5000	5000	0.02	0.12	43	0	0	0	0	0	5000	5000	0.02	0.12	43	7	0
prebuilt	MVM	5000	4904	5000	22.64	81.72	4093	96	96	96	4086	0	4620	5000	0.26	2.46	190	130	1424
prebuilt	MoMuLV	5000	4701	4717	85.16	85.18	4262	16	16	16	4258	0	3955	3958	4.88	5.26	318	273	0
prebuilt	PCV1	5000	4651	4653	67.22	67.46	3375	2	1	2	3366	0	3539	3539	16.1	16.74	863	826	0
prebuilt	PCV2	5000	5000	5000	93.14	93.18	4660	0	0	0	0	0	4997	4997	1.36	1.56	105	74	0
prebuilt	PPV	5000	5000	5000	13.82	19.98	1034	0	0	0	0	0	5000	5000	0.18	0.3	66	20	0
prebuilt	RSV_A	5000	4993	4997	13.84	99.64	4982	4	3	4	4981	0	4925	4985	0.22	5.72	323	289	210
prebuilt	SV40	5000	5000	5000	42.56	42.66	2151	0	0	0	0	0	5000	5000	4.92	5.04	287	253	0
