agent	accessions	total_length	wgsim_seed
RSV_A	NC_038235.1	15222	201
MRV3	NC_013225.1;NC_013226.1;NC_013227.1;NC_013228.1;NC_013229.1;NC_013230.1;NC_013232.1;NC_013233.1;NC_013234.1;NC_013231.1	23176	202
MVM	NC_001510.1	5149	203
PPV	NC_001718.1	5075	204
PCV1	NC_001792.2	1758	205
PCV2	NC_005148.1	1768	206
EHDV	NC_013396.1;NC_013402.1;NC_013404.1;NC_013397.1;NC_013398.1;NC_013399.1;NC_013401.1;NC_013403.1;NC_013405.1;NC_013400.1	19405	207
CacheValley	NC_043618.1;NC_043619.1;NC_043620.1	12283	208
BVDV1	NC_001461.1	12573	209
MoMuLV	NC_001501.1	8332	210
LCMV	NC_004294.1;NC_004291.1	10056	211
HAdV_C	NC_001405.1	35937	212
SV40	NC_001669.1	5243	213
Vesivirus2117	AY343325.2	8091	214
