scheme	agent	version	read_pairs	on_target	exposed	lineage_exposed
d1	BVDV1	msl29	5000	5000	653	15
d1	BVDV1	msl30	5000	5000	653	15
d1	BVDV1	msl31	5000	5000	658	20
d1	BVDV1	msl32	5000	5000	658	20
d1	BVDV1	msl33	5000	5000	708	22
d1	BVDV1	msl34	5000	5000	4137	75
d1	BVDV1	msl35	5000	5000	4139	78
d1	BVDV1	msl36	5000	5000	4151	81
d1	BVDV1	msl37	5000	5000	4151	79
d1	BVDV1	msl38	5000	5000	4154	82
d1	BVDV1	msl39	5000	5000	4210	85
d1	BVDV1	msl40	5000	5000	4152	80
d1	BVDV1	msl41	5000	5000	4151	76
d1	CacheValley	msl29	5001	4993	3718	88
d1	CacheValley	msl30	5001	4993	3732	91
d1	CacheValley	msl31	5001	4993	3733	97
d1	CacheValley	msl32	5001	4992	3735	95
d1	CacheValley	msl33	5001	4992	3735	97
d1	CacheValley	msl34	5001	4992	3736	96
d1	CacheValley	msl35	5001	4992	3737	96
d1	CacheValley	msl36	5001	4992	3768	176
d1	CacheValley	msl37	5001	4992	3767	173
d1	CacheValley	msl38	5001	4992	3768	174
d1	CacheValley	msl39	5001	4992	3892	177
d1	CacheValley	msl40	5001	4992	3893	178
d1	CacheValley	msl41	5001	4992	3892	175
d1	EHDV	msl29	5002	5002	29	2
d1	EHDV	msl30	5002	5002	29	2
d1	EHDV	msl31	5002	5002	32	5
d1	EHDV	msl32	5002	5002	34	3
d1	EHDV	msl33	5002	5002	36	5
d1	EHDV	msl34	5002	5002	34	3
d1	EHDV	msl35	5002	5002	35	4
d1	EHDV	msl36	5002	5002	34	3
d1	EHDV	msl37	5002	5002	38	7
d1	EHDV	msl38	5002	5002	37	6
d1	EHDV	msl39	5002	5002	92	6
d1	EHDV	msl40	5002	5002	35	4
d1	EHDV	msl41	5002	5002	67	5
d1	HAdV_C	msl29	5000	5000	1931	105
d1	HAdV_C	msl30	5000	5000	1947	104
d1	HAdV_C	msl31	5000	5000	1976	108
d1	HAdV_C	msl32	5000	5000	1975	105
d1	HAdV_C	msl33	5000	5000	1974	101
d1	HAdV_C	msl34	5000	5000	2020	105
d1	HAdV_C	msl35	5000	5000	2014	105
d1	HAdV_C	msl36	5000	5000	2028	107
d1	HAdV_C	msl37	5000	5000	2027	107
d1	HAdV_C	msl38	5000	5000	2026	106
d1	HAdV_C	msl39	5000	5000	2056	110
d1	HAdV_C	msl40	5000	5000	2033	120
d1	HAdV_C	msl41	5000	5000	2028	114
d1	LCMV	msl29	5000	0	290	289
d1	LCMV	msl30	5000	0	290	289
d1	LCMV	msl31	5000	0	299	298
d1	LCMV	msl32	5000	0	292	291
d1	LCMV	msl33	5000	0	294	293
d1	LCMV	msl34	5000	0	294	293
d1	LCMV	msl35	5000	0	293	292
d1	LCMV	msl36	5000	0	294	293
d1	LCMV	msl37	5000	0	296	295
d1	LCMV	msl38	5000	0	346	345
d1	LCMV	msl39	5000	5000	573	25
d1	LCMV	msl40	5000	5000	464	21
d1	LCMV	msl41	5000	5000	463	20
d1	MRV1_Lang	msl29	5000	3008	4	4
d1	MRV1_Lang	msl30	5000	3008	1	1
d1	MRV1_Lang	msl31	5000	3008	4	4
d1	MRV1_Lang	msl32	5000	3008	3	3
d1	MRV1_Lang	msl33	5000	3009	3	3
d1	MRV1_Lang	msl34	5000	3008	3	3
d1	MRV1_Lang	msl35	5000	3007	44	44
d1	MRV1_Lang	msl36	5000	3010	59	59
d1	MRV1_Lang	msl37	5000	3008	2	2
d1	MRV1_Lang	msl38	5000	3008	8	8
d1	MRV1_Lang	msl39	5000	3008	4	4
d1	MRV1_Lang	msl40	5000	3008	8	8
d1	MRV1_Lang	msl41	5000	3008	3	3
d1	MRV3	msl29	5000	5000	3	3
d1	MRV3	msl30	5000	5000	1	1
d1	MRV3	msl31	5000	5000	2	2
d1	MRV3	msl32	5000	5000	0	0
d1	MRV3	msl33	5000	5000	2	2
d1	MRV3	msl34	5000	5000	2	2
d1	MRV3	msl35	5000	5000	4	4
d1	MRV3	msl36	5000	5000	4	4
d1	MRV3	msl37	5000	5000	1	1
d1	MRV3	msl38	5000	5000	1	1
d1	MRV3	msl39	5000	5000	1	1
d1	MRV3	msl40	5000	5000	6	6
d1	MRV3	msl41	5000	5000	50	2
d1	MVM	msl29	5000	5000	1179	13
d1	MVM	msl30	5000	5000	1179	13
d1	MVM	msl31	5000	5000	1184	21
d1	MVM	msl32	5000	5000	1179	14
d1	MVM	msl33	5000	5000	1184	19
d1	MVM	msl34	5000	5000	1179	13
d1	MVM	msl35	5000	5000	1181	15
d1	MVM	msl36	5000	5000	1206	14
d1	MVM	msl37	5000	5000	1212	17
d1	MVM	msl38	5000	5000	1210	16
d1	MVM	msl39	5000	5000	1209	14
d1	MVM	msl40	5000	5000	1209	15
d1	MVM	msl41	5000	5000	1212	17
d1	MoMuLV	msl29	5000	4702	4257	249
d1	MoMuLV	msl30	5000	4702	4258	249
d1	MoMuLV	msl31	5000	4702	4259	250
d1	MoMuLV	msl32	5000	4702	4258	254
d1	MoMuLV	msl33	5000	4701	4258	249
d1	MoMuLV	msl34	5000	4701	4258	249
d1	MoMuLV	msl35	5000	4701	4258	250
d1	MoMuLV	msl36	5000	4701	4258	253
d1	MoMuLV	msl37	5000	4701	4259	251
d1	MoMuLV	msl38	5000	4701	4258	250
d1	MoMuLV	msl39	5000	4701	4261	255
d1	MoMuLV	msl40	5000	4701	4259	255
d1	MoMuLV	msl41	5000	4701	4258	249
d1	PCV1	msl29	5000	4653	3366	804
d1	PCV1	msl30	5000	4653	3366	805
d1	PCV1	msl31	5000	4653	3366	806
d1	PCV1	msl32	5000	4653	3366	812
d1	PCV1	msl33	5000	4653	3368	820
d1	PCV1	msl34	5000	4653	3366	812
d1	PCV1	msl35	5000	4653	3366	812
d1	PCV1	msl36	5000	4653	3366	823
d1	PCV1	msl37	5000	4653	3366	823
d1	PCV1	msl38	5000	4653	3370	828
d1	PCV1	msl39	5000	4652	3369	827
d1	PCV1	msl40	5000	4652	3366	825
d1	PCV1	msl41	5000	4651	3368	826
d1	PCV2	msl29	5000	5000	4657	65
d1	PCV2	msl30	5000	5000	4657	65
d1	PCV2	msl31	5000	5000	4657	69
d1	PCV2	msl32	5000	5000	4657	65
d1	PCV2	msl33	5000	5000	4657	65
d1	PCV2	msl34	5000	5000	4657	68
d1	PCV2	msl35	5000	5000	4657	65
d1	PCV2	msl36	5000	5000	4657	68
d1	PCV2	msl37	5000	5000	4658	68
d1	PCV2	msl38	5000	5000	4659	69
d1	PCV2	msl39	5000	5000	4658	82
d1	PCV2	msl40	5000	5000	4658	91
d1	PCV2	msl41	5000	5000	4658	71
d1	PPV	msl29	5000	5000	689	4
d1	PPV	msl30	5000	5000	689	4
d1	PPV	msl31	5000	5000	695	13
d1	PPV	msl32	5000	5000	690	7
d1	PPV	msl33	5000	5000	691	8
d1	PPV	msl34	5000	5000	690	7
d1	PPV	msl35	5000	5000	692	9
d1	PPV	msl36	5000	5000	697	14
d1	PPV	msl37	5000	5000	702	20
d1	PPV	msl38	5000	5000	698	15
d1	PPV	msl39	5000	5000	697	14
d1	PPV	msl40	5000	5000	697	14
d1	PPV	msl41	5000	5000	698	16
d1	RSV_A	msl29	5000	4997	633	12
d1	RSV_A	msl30	5000	4997	634	13
d1	RSV_A	msl31	5000	4997	633	12
d1	RSV_A	msl32	5000	4997	632	11
d1	RSV_A	msl33	5000	4997	633	14
d1	RSV_A	msl34	5000	4997	634	13
d1	RSV_A	msl35	5000	4997	633	12
d1	RSV_A	msl36	5000	4997	729	16
d1	RSV_A	msl37	5000	4997	636	15
d1	RSV_A	msl38	5000	4997	696	15
d1	RSV_A	msl39	5000	4997	695	16
d1	RSV_A	msl40	5000	4997	694	14
d1	RSV_A	msl41	5000	4997	695	14
d1	SV40	msl29	5000	0	1293	1237
d1	SV40	msl30	5000	0	1474	1418
d1	SV40	msl31	5000	5000	1534	41
d1	SV40	msl32	5000	5000	1856	39
d1	SV40	msl33	5000	5000	2067	43
d1	SV40	msl34	5000	5000	1888	48
d1	SV40	msl35	5000	5000	1884	48
d1	SV40	msl36	5000	5000	2129	248
d1	SV40	msl37	5000	5000	2131	254
d1	SV40	msl38	5000	5000	2131	250
d1	SV40	msl39	5000	5000	2130	254
d1	SV40	msl40	5000	5000	2132	252
d1	SV40	msl41	5000	5000	2135	253
d3	BVDV1	msl29	5000	5000	720	18
d3	BVDV1	msl30	5000	5000	720	18
d3	BVDV1	msl31	5000	5000	720	22
d3	BVDV1	msl32	5000	5000	720	22
d3	BVDV1	msl33	5000	5000	720	22
d3	BVDV1	msl34	5000	5000	4151	76
d3	BVDV1	msl35	5000	5000	4151	77
d3	BVDV1	msl36	5000	5000	4153	81
d3	BVDV1	msl37	5000	5000	4153	81
d3	BVDV1	msl38	5000	5000	4153	81
d3	BVDV1	msl39	5000	5000	4153	81
d3	BVDV1	msl40	5000	5000	4153	81
d3	BVDV1	msl41	5000	5000	4153	81
d3	CacheValley	msl29	5001	4993	3890	84
d3	CacheValley	msl30	5001	4993	3890	87
d3	CacheValley	msl31	5001	4993	3890	89
d3	CacheValley	msl32	5001	4992	3890	90
d3	CacheValley	msl33	5001	4992	3890	90
d3	CacheValley	msl34	5001	4992	3890	92
d3	CacheValley	msl35	5001	4992	3890	95
d3	CacheValley	msl36	5001	4992	3891	175
d3	CacheValley	msl37	5001	4992	3891	175
d3	CacheValley	msl38	5001	4992	3891	175
d3	CacheValley	msl39	5001	4992	3891	175
d3	CacheValley	msl40	5001	4992	3891	175
d3	CacheValley	msl41	5001	4992	3891	175
d3	EHDV	msl29	5002	5002	73	42
d3	EHDV	msl30	5002	5002	128	42
d3	EHDV	msl31	5002	5002	128	42
d3	EHDV	msl32	5002	5002	128	42
d3	EHDV	msl33	5002	5002	128	42
d3	EHDV	msl34	5002	5002	128	42
d3	EHDV	msl35	5002	5002	128	42
d3	EHDV	msl36	5002	5002	131	45
d3	EHDV	msl37	5002	5002	131	45
d3	EHDV	msl38	5002	5002	131	45
d3	EHDV	msl39	5002	5002	131	45
d3	EHDV	msl40	5002	5002	131	45
d3	EHDV	msl41	5002	5002	131	45
d3	HAdV_C	msl29	5000	5000	2028	102
d3	HAdV_C	msl30	5000	5000	2028	106
d3	HAdV_C	msl31	5000	5000	2028	108
d3	HAdV_C	msl32	5000	5000	2028	107
d3	HAdV_C	msl33	5000	5000	2028	107
d3	HAdV_C	msl34	5000	5000	2028	108
d3	HAdV_C	msl35	5000	5000	2028	108
d3	HAdV_C	msl36	5000	5000	2029	111
d3	HAdV_C	msl37	5000	5000	2029	111
d3	HAdV_C	msl38	5000	5000	2029	112
d3	HAdV_C	msl39	5000	5000	2029	112
d3	HAdV_C	msl40	5000	5000	2029	115
d3	HAdV_C	msl41	5000	5000	2029	115
d3	LCMV	msl29	5000	5000	463	6
d3	LCMV	msl30	5000	5000	463	10
d3	LCMV	msl31	5000	5000	463	11
d3	LCMV	msl32	5000	5000	463	12
d3	LCMV	msl33	5000	5000	463	12
d3	LCMV	msl34	5000	5000	463	12
d3	LCMV	msl35	5000	5000	463	12
d3	LCMV	msl36	5000	5000	467	16
d3	LCMV	msl37	5000	5000	467	22
d3	LCMV	msl38	5000	5000	467	24
d3	LCMV	msl39	5000	5000	467	24
d3	LCMV	msl40	5000	5000	467	24
d3	LCMV	msl41	5000	5000	467	24
d3	MRV1_Lang	msl29	5000	3008	44	2
d3	MRV1_Lang	msl30	5000	3008	45	3
d3	MRV1_Lang	msl31	5000	3008	45	3
d3	MRV1_Lang	msl32	5000	3008	45	3
d3	MRV1_Lang	msl33	5000	3008	45	3
d3	MRV1_Lang	msl34	5000	3008	45	3
d3	MRV1_Lang	msl35	5000	3008	45	3
d3	MRV1_Lang	msl36	5000	3008	45	3
d3	MRV1_Lang	msl37	5000	3008	45	3
d3	MRV1_Lang	msl38	5000	3008	45	3
d3	MRV1_Lang	msl39	5000	3008	45	3
d3	MRV1_Lang	msl40	5000	3008	45	3
d3	MRV1_Lang	msl41	5000	3008	45	3
d3	MRV3	msl29	5000	5000	2	0
d3	MRV3	msl30	5000	5000	3	1
d3	MRV3	msl31	5000	5000	3	1
d3	MRV3	msl32	5000	5000	3	1
d3	MRV3	msl33	5000	5000	3	1
d3	MRV3	msl34	5000	5000	3	1
d3	MRV3	msl35	5000	5000	3	3
d3	MRV3	msl36	5000	5000	5	5
d3	MRV3	msl37	5000	5000	5	5
d3	MRV3	msl38	5000	5000	5	5
d3	MRV3	msl39	5000	5000	5	5
d3	MRV3	msl40	5000	5000	5	5
d3	MRV3	msl41	5000	5000	5	5
d3	MVM	msl29	5000	5000	1208	13
d3	MVM	msl30	5000	5000	1209	14
d3	MVM	msl31	5000	5000	1209	15
d3	MVM	msl32	5000	5000	1209	15
d3	MVM	msl33	5000	5000	1209	15
d3	MVM	msl34	5000	5000	1209	14
d3	MVM	msl35	5000	5000	1209	16
d3	MVM	msl36	5000	5000	1214	23
d3	MVM	msl37	5000	5000	1214	23
d3	MVM	msl38	5000	5000	1214	23
d3	MVM	msl39	5000	5000	1214	23
d3	MVM	msl40	5000	5000	1214	23
d3	MVM	msl41	5000	5000	1214	23
d3	MoMuLV	msl29	5000	4702	4258	250
d3	MoMuLV	msl30	5000	4702	4258	250
d3	MoMuLV	msl31	5000	4702	4258	250
d3	MoMuLV	msl32	5000	4702	4258	250
d3	MoMuLV	msl33	5000	4701	4258	250
d3	MoMuLV	msl34	5000	4701	4258	250
d3	MoMuLV	msl35	5000	4701	4258	250
d3	MoMuLV	msl36	5000	4701	4259	255
d3	MoMuLV	msl37	5000	4701	4259	255
d3	MoMuLV	msl38	5000	4701	4259	255
d3	MoMuLV	msl39	5000	4701	4259	255
d3	MoMuLV	msl40	5000	4701	4259	255
d3	MoMuLV	msl41	5000	4701	4259	255
d3	PCV1	msl29	5000	4653	3366	804
d3	PCV1	msl30	5000	4653	3366	805
d3	PCV1	msl31	5000	4653	3366	805
d3	PCV1	msl32	5000	4653	3366	812
d3	PCV1	msl33	5000	4653	3366	812
d3	PCV1	msl34	5000	4653	3366	812
d3	PCV1	msl35	5000	4652	3366	813
d3	PCV1	msl36	5000	4652	3366	824
d3	PCV1	msl37	5000	4652	3366	824
d3	PCV1	msl38	5000	4652	3366	824
d3	PCV1	msl39	5000	4652	3366	824
d3	PCV1	msl40	5000	4652	3366	824
d3	PCV1	msl41	5000	4651	3366	824
d3	PCV2	msl29	5000	5000	4658	65
d3	PCV2	msl30	5000	5000	4658	65
d3	PCV2	msl31	5000	5000	4658	65
d3	PCV2	msl32	5000	5000	4658	65
d3	PCV2	msl33	5000	5000	4658	65
d3	PCV2	msl34	5000	5000	4658	65
d3	PCV2	msl35	5000	5000	4658	68
d3	PCV2	msl36	5000	5000	4658	69
d3	PCV2	msl37	5000	5000	4658	72
d3	PCV2	msl38	5000	5000	4658	72
d3	PCV2	msl39	5000	5000	4658	72
d3	PCV2	msl40	5000	5000	4658	72
d3	PCV2	msl41	5000	5000	4658	72
d3	PPV	msl29	5000	5000	694	5
d3	PPV	msl30	5000	5000	695	8
d3	PPV	msl31	5000	5000	695	10
d3	PPV	msl32	5000	5000	695	10
d3	PPV	msl33	5000	5000	695	10
d3	PPV	msl34	5000	5000	695	10
d3	PPV	msl35	5000	5000	695	12
d3	PPV	msl36	5000	5000	696	13
d3	PPV	msl37	5000	5000	696	15
d3	PPV	msl38	5000	5000	696	15
d3	PPV	msl39	5000	5000	696	15
d3	PPV	msl40	5000	5000	696	15
d3	PPV	msl41	5000	5000	696	15
d3	RSV_A	msl29	5000	4997	693	1
d3	RSV_A	msl30	5000	4997	696	1
d3	RSV_A	msl31	5000	4997	696	1
d3	RSV_A	msl32	5000	4997	696	1
d3	RSV_A	msl33	5000	4997	696	1
d3	RSV_A	msl34	5000	4997	696	1
d3	RSV_A	msl35	5000	4997	696	2
d3	RSV_A	msl36	5000	4997	699	8
d3	RSV_A	msl37	5000	4997	699	8
d3	RSV_A	msl38	5000	4997	699	8
d3	RSV_A	msl39	5000	4997	699	19
d3	RSV_A	msl40	5000	4997	699	19
d3	RSV_A	msl41	5000	4997	699	19
d3	SV40	msl29	5000	5000	2128	26
d3	SV40	msl30	5000	5000	2128	231
d3	SV40	msl31	5000	5000	2128	242
d3	SV40	msl32	5000	5000	2128	241
d3	SV40	msl33	5000	5000	2128	244
d3	SV40	msl34	5000	5000	2128	246
d3	SV40	msl35	5000	5000	2128	246
d3	SV40	msl36	5000	5000	2131	251
d3	SV40	msl37	5000	5000	2131	251
d3	SV40	msl38	5000	5000	2131	251
d3	SV40	msl39	5000	5000	2131	251
d3	SV40	msl40	5000	5000	2131	251
d3	SV40	msl41	5000	5000	2131	251
fixed	BVDV1	msl29	5000	5000	655	17
fixed	BVDV1	msl30	5000	5000	655	17
fixed	BVDV1	msl31	5000	5000	655	17
fixed	BVDV1	msl32	5000	5000	655	17
fixed	BVDV1	msl33	5000	5000	655	17
fixed	BVDV1	msl34	5000	5000	4138	71
fixed	BVDV1	msl35	5000	5000	4138	71
fixed	BVDV1	msl36	5000	5000	4138	71
fixed	BVDV1	msl37	5000	5000	4138	71
fixed	BVDV1	msl38	5000	5000	4138	71
fixed	BVDV1	msl39	5000	5000	4138	71
fixed	BVDV1	msl40	5000	5000	4138	71
fixed	BVDV1	msl41	5000	5000	4138	71
fixed	CacheValley	msl29	5001	4993	3718	88
fixed	CacheValley	msl30	5001	4993	3718	88
fixed	CacheValley	msl31	5001	4993	3718	88
fixed	CacheValley	msl32	5001	4992	3718	89
fixed	CacheValley	msl33	5001	4992	3718	89
fixed	CacheValley	msl34	5001	4992	3718	89
fixed	CacheValley	msl35	5001	4992	3718	89
fixed	CacheValley	msl36	5001	4992	3718	90
fixed	CacheValley	msl37	5001	4992	3718	90
fixed	CacheValley	msl38	5001	4992	3718	90
fixed	CacheValley	msl39	5001	4992	3718	90
fixed	CacheValley	msl40	5001	4992	3718	90
fixed	CacheValley	msl41	5001	4992	3718	90
fixed	EHDV	msl29	5002	5002	30	3
fixed	EHDV	msl30	5002	5002	30	3
fixed	EHDV	msl31	5002	5002	30	3
fixed	EHDV	msl32	5002	5002	30	3
fixed	EHDV	msl33	5002	5002	30	3
fixed	EHDV	msl34	5002	5002	30	3
fixed	EHDV	msl35	5002	5002	30	3
fixed	EHDV	msl36	5002	5002	31	4
fixed	EHDV	msl37	5002	5002	31	4
fixed	EHDV	msl38	5002	5002	31	4
fixed	EHDV	msl39	5002	5002	31	4
fixed	EHDV	msl40	5002	5002	31	4
fixed	EHDV	msl41	5002	5002	31	4
fixed	HAdV_C	msl29	5000	5000	1931	102
fixed	HAdV_C	msl30	5000	5000	1931	102
fixed	HAdV_C	msl31	5000	5000	1931	102
fixed	HAdV_C	msl32	5000	5000	1931	97
fixed	HAdV_C	msl33	5000	5000	1931	97
fixed	HAdV_C	msl34	5000	5000	1931	97
fixed	HAdV_C	msl35	5000	5000	1931	97
fixed	HAdV_C	msl36	5000	5000	1931	97
fixed	HAdV_C	msl37	5000	5000	1931	97
fixed	HAdV_C	msl38	5000	5000	1931	98
fixed	HAdV_C	msl39	5000	5000	1931	98
fixed	HAdV_C	msl40	5000	5000	1931	103
fixed	HAdV_C	msl41	5000	5000	1931	103
fixed	LCMV	msl29	5000	0	290	289
fixed	LCMV	msl30	5000	0	290	289
fixed	LCMV	msl31	5000	0	290	289
fixed	LCMV	msl32	5000	0	290	289
fixed	LCMV	msl33	5000	0	290	289
fixed	LCMV	msl34	5000	0	290	289
fixed	LCMV	msl35	5000	0	290	289
fixed	LCMV	msl36	5000	0	290	289
fixed	LCMV	msl37	5000	0	290	289
fixed	LCMV	msl38	5000	0	290	289
fixed	LCMV	msl39	5000	0	290	289
fixed	LCMV	msl40	5000	0	290	289
fixed	LCMV	msl41	5000	0	290	289
fixed	MRV1_Lang	msl29	5000	3008	2	2
fixed	MRV1_Lang	msl30	5000	3008	2	2
fixed	MRV1_Lang	msl31	5000	3008	2	2
fixed	MRV1_Lang	msl32	5000	3008	2	2
fixed	MRV1_Lang	msl33	5000	3008	2	2
fixed	MRV1_Lang	msl34	5000	3008	2	2
fixed	MRV1_Lang	msl35	5000	3008	2	2
fixed	MRV1_Lang	msl36	5000	3008	3	3
fixed	MRV1_Lang	msl37	5000	3008	3	3
fixed	MRV1_Lang	msl38	5000	3008	3	3
fixed	MRV1_Lang	msl39	5000	3008	3	3
fixed	MRV1_Lang	msl40	5000	3008	3	3
fixed	MRV1_Lang	msl41	5000	3008	3	3
fixed	MRV3	msl29	5000	5000	1	1
fixed	MRV3	msl30	5000	5000	1	1
fixed	MRV3	msl31	5000	5000	1	1
fixed	MRV3	msl32	5000	5000	1	1
fixed	MRV3	msl33	5000	5000	1	1
fixed	MRV3	msl34	5000	5000	1	1
fixed	MRV3	msl35	5000	5000	1	1
fixed	MRV3	msl36	5000	5000	3	3
fixed	MRV3	msl37	5000	5000	3	3
fixed	MRV3	msl38	5000	5000	3	3
fixed	MRV3	msl39	5000	5000	3	3
fixed	MRV3	msl40	5000	5000	3	3
fixed	MRV3	msl41	5000	5000	3	3
fixed	MVM	msl29	5000	5000	1180	14
fixed	MVM	msl30	5000	5000	1180	14
fixed	MVM	msl31	5000	5000	1180	14
fixed	MVM	msl32	5000	5000	1180	14
fixed	MVM	msl33	5000	5000	1180	14
fixed	MVM	msl34	5000	5000	1180	14
fixed	MVM	msl35	5000	5000	1180	14
fixed	MVM	msl36	5000	5000	1183	17
fixed	MVM	msl37	5000	5000	1183	17
fixed	MVM	msl38	5000	5000	1183	17
fixed	MVM	msl39	5000	5000	1183	17
fixed	MVM	msl40	5000	5000	1183	17
fixed	MVM	msl41	5000	5000	1183	17
fixed	MoMuLV	msl29	5000	4702	4257	248
fixed	MoMuLV	msl30	5000	4702	4257	248
fixed	MoMuLV	msl31	5000	4702	4257	248
fixed	MoMuLV	msl32	5000	4702	4257	248
fixed	MoMuLV	msl33	5000	4701	4257	248
fixed	MoMuLV	msl34	5000	4701	4257	248
fixed	MoMuLV	msl35	5000	4701	4257	248
fixed	MoMuLV	msl36	5000	4701	4257	248
fixed	MoMuLV	msl37	5000	4701	4257	248
fixed	MoMuLV	msl38	5000	4701	4257	248
fixed	MoMuLV	msl39	5000	4701	4257	248
fixed	MoMuLV	msl40	5000	4701	4257	248
fixed	MoMuLV	msl41	5000	4701	4257	248
fixed	PCV1	msl29	5000	4653	3366	804
fixed	PCV1	msl30	5000	4653	3366	804
fixed	PCV1	msl31	5000	4653	3366	804
fixed	PCV1	msl32	5000	4653	3366	804
fixed	PCV1	msl33	5000	4653	3366	804
fixed	PCV1	msl34	5000	4653	3366	804
fixed	PCV1	msl35	5000	4653	3366	804
fixed	PCV1	msl36	5000	4653	3366	804
fixed	PCV1	msl37	5000	4653	3366	804
fixed	PCV1	msl38	5000	4653	3366	804
fixed	PCV1	msl39	5000	4653	3366	804
fixed	PCV1	msl40	5000	4653	3366	804
fixed	PCV1	msl41	5000	4653	3366	804
fixed	PCV2	msl29	5000	5000	4657	67
fixed	PCV2	msl30	5000	5000	4657	67
fixed	PCV2	msl31	5000	5000	4657	67
fixed	PCV2	msl32	5000	5000	4657	67
fixed	PCV2	msl33	5000	5000	4657	67
fixed	PCV2	msl34	5000	5000	4657	67
fixed	PCV2	msl35	5000	5000	4657	67
fixed	PCV2	msl36	5000	5000	4657	67
fixed	PCV2	msl37	5000	5000	4657	67
fixed	PCV2	msl38	5000	5000	4657	67
fixed	PCV2	msl39	5000	5000	4657	67
fixed	PCV2	msl40	5000	5000	4657	67
fixed	PCV2	msl41	5000	5000	4657	67
fixed	PPV	msl29	5000	5000	689	4
fixed	PPV	msl30	5000	5000	689	4
fixed	PPV	msl31	5000	5000	689	4
fixed	PPV	msl32	5000	5000	689	4
fixed	PPV	msl33	5000	5000	689	4
fixed	PPV	msl34	5000	5000	689	4
fixed	PPV	msl35	5000	5000	689	4
fixed	PPV	msl36	5000	5000	690	5
fixed	PPV	msl37	5000	5000	690	5
fixed	PPV	msl38	5000	5000	690	5
fixed	PPV	msl39	5000	5000	690	5
fixed	PPV	msl40	5000	5000	690	5
fixed	PPV	msl41	5000	5000	690	5
fixed	RSV_A	msl29	5000	4997	632	11
fixed	RSV_A	msl30	5000	4997	632	11
fixed	RSV_A	msl31	5000	4997	632	11
fixed	RSV_A	msl32	5000	4997	632	11
fixed	RSV_A	msl33	5000	4997	632	11
fixed	RSV_A	msl34	5000	4997	632	11
fixed	RSV_A	msl35	5000	4997	632	11
fixed	RSV_A	msl36	5000	4997	634	13
fixed	RSV_A	msl37	5000	4997	634	13
fixed	RSV_A	msl38	5000	4997	634	13
fixed	RSV_A	msl39	5000	4997	634	13
fixed	RSV_A	msl40	5000	4997	634	13
fixed	RSV_A	msl41	5000	4997	634	13
fixed	SV40	msl29	5000	0	1293	1237
fixed	SV40	msl30	5000	0	1293	1237
fixed	SV40	msl31	5000	0	1293	1238
fixed	SV40	msl32	5000	0	1293	1237
fixed	SV40	msl33	5000	0	1293	1237
fixed	SV40	msl34	5000	0	1293	1237
fixed	SV40	msl35	5000	0	1293	1237
fixed	SV40	msl36	5000	0	1293	1237
fixed	SV40	msl37	5000	0	1293	1237
fixed	SV40	msl38	5000	0	1293	1237
fixed	SV40	msl39	5000	0	1293	1237
fixed	SV40	msl40	5000	0	1293	1237
fixed	SV40	msl41	5000	0	1293	1237
prebuilt	BVDV1	20201202	5000	5000	586	16
prebuilt	BVDV1	20210517	5000	5000	646	16
prebuilt	BVDV1	20220607	5000	5000	648	18
prebuilt	BVDV1	20220908	5000	5000	651	20
prebuilt	BVDV1	20221209	5000	5000	712	17
prebuilt	BVDV1	20230314	5000	5000	651	20
prebuilt	BVDV1	20230605	5000	5000	4153	79
prebuilt	BVDV1	20231009	5000	5000	4152	79
prebuilt	BVDV1	20240112	5000	5000	4151	77
prebuilt	BVDV1	20240605	5000	5000	4151	77
prebuilt	BVDV1	20240904	5000	5000	4152	83
prebuilt	BVDV1	20241228	5000	5000	4151	82
prebuilt	BVDV1	20250402	5000	5000	4151	82
prebuilt	BVDV1	20250714	5000	5000	4153	78
prebuilt	BVDV1	20251015	5000	5000	4151	78
prebuilt	BVDV1	20260226	5000	5000	4152	80
prebuilt	BVDV1	20260626	5000	5000	4153	80
prebuilt	CacheValley	20201202	5001	4992	3659	61
prebuilt	CacheValley	20210517	5001	4992	3660	62
prebuilt	CacheValley	20220607	5001	4992	3753	76
prebuilt	CacheValley	20220908	5001	4992	3686	74
prebuilt	CacheValley	20221209	5001	4992	3684	69
prebuilt	CacheValley	20230314	5001	4992	3685	76
prebuilt	CacheValley	20230605	5001	4992	3890	174
prebuilt	CacheValley	20231009	5001	4992	3890	171
prebuilt	CacheValley	20240112	5001	4992	3890	171
prebuilt	CacheValley	20240605	5001	4992	3890	171
prebuilt	CacheValley	20240904	5001	4992	3892	181
prebuilt	CacheValley	20241228	5001	4992	3891	172
prebuilt	CacheValley	20250402	5001	4992	3891	172
prebuilt	CacheValley	20250714	5001	4992	3893	174
prebuilt	CacheValley	20251015	5001	4992	3890	176
prebuilt	CacheValley	20260226	5001	4992	3891	178
prebuilt	CacheValley	20260626	5001	4992	3904	177
prebuilt	EHDV	20201202	5002	5002	35	4
prebuilt	EHDV	20210517	5002	5002	34	3
prebuilt	EHDV	20220607	5002	5002	35	4
prebuilt	EHDV	20220908	5002	5002	37	6
prebuilt	EHDV	20221209	5002	5002	38	7
prebuilt	EHDV	20230314	5002	5002	35	4
prebuilt	EHDV	20230605	5002	5002	38	7
prebuilt	EHDV	20231009	5002	5002	42	11
prebuilt	EHDV	20240112	5002	5002	79	7
prebuilt	EHDV	20240605	5002	5002	79	7
prebuilt	EHDV	20240904	5002	5002	40	9
prebuilt	EHDV	20241228	5002	5002	36	5
prebuilt	EHDV	20250402	5002	5002	36	5
prebuilt	EHDV	20250714	5002	5002	40	9
prebuilt	EHDV	20251015	5002	5002	36	5
prebuilt	EHDV	20260226	5002	5002	35	4
prebuilt	EHDV	20260626	5002	5002	36	5
prebuilt	HAdV_C	20201202	5000	5000	1990	110
prebuilt	HAdV_C	20210517	5000	5000	1988	107
prebuilt	HAdV_C	20220607	5000	5000	1993	113
prebuilt	HAdV_C	20220908	5000	5000	2028	110
prebuilt	HAdV_C	20221209	5000	5000	1990	109
prebuilt	HAdV_C	20230314	5000	5000	1989	109
prebuilt	HAdV_C	20230605	5000	5000	2038	110
prebuilt	HAdV_C	20231009	5000	5000	2030	115
prebuilt	HAdV_C	20240112	5000	5000	2030	111
prebuilt	HAdV_C	20240605	5000	5000	2030	114
prebuilt	HAdV_C	20240904	5000	5000	2029	118
prebuilt	HAdV_C	20241228	5000	5000	2048	113
prebuilt	HAdV_C	20250402	5000	5000	2048	113
prebuilt	HAdV_C	20250714	5000	5000	2032	118
prebuilt	HAdV_C	20251015	5000	5000	2029	115
prebuilt	HAdV_C	20260226	5000	5000	2033	118
prebuilt	HAdV_C	20260626	5000	5000	2029	115
prebuilt	LCMV	20201202	5000	5000	4	1
prebuilt	LCMV	20210517	5000	5000	90	1
prebuilt	LCMV	20220607	5000	5000	6	3
prebuilt	LCMV	20220908	5000	5000	3	0
prebuilt	LCMV	20221209	5000	5000	7	4
prebuilt	LCMV	20230314	5000	5000	8	5
prebuilt	LCMV	20230605	5000	5000	6	3
prebuilt	LCMV	20231009	5000	5000	467	24
prebuilt	LCMV	20240112	5000	5000	469	26
prebuilt	LCMV	20240605	5000	5000	469	26
prebuilt	LCMV	20240904	5000	5000	464	21
prebuilt	LCMV	20241228	5000	5000	465	23
prebuilt	LCMV	20250402	5000	5000	465	23
prebuilt	LCMV	20250714	5000	5000	466	23
prebuilt	LCMV	20251015	5000	5000	467	24
prebuilt	LCMV	20260226	5000	5000	472	29
prebuilt	LCMV	20260626	5000	5000	466	24
prebuilt	MRV1_Lang	20201202	5000	1663	1	1
prebuilt	MRV1_Lang	20210517	5000	1663	6	6
prebuilt	MRV1_Lang	20220607	5000	3008	3	3
prebuilt	MRV1_Lang	20220908	5000	1663	4	4
prebuilt	MRV1_Lang	20221209	5000	1664	6	6
prebuilt	MRV1_Lang	20230314	5000	1664	5	5
prebuilt	MRV1_Lang	20230605	5000	3008	6	6
prebuilt	MRV1_Lang	20231009	5000	3008	2	2
prebuilt	MRV1_Lang	20240112	5000	3008	46	46
prebuilt	MRV1_Lang	20240605	5000	3008	46	46
prebuilt	MRV1_Lang	20240904	5000	3007	37	37
prebuilt	MRV1_Lang	20241228	5000	3008	60	7
prebuilt	MRV1_Lang	20250402	5000	3008	60	7
prebuilt	MRV1_Lang	20250714	5000	3008	6	6
prebuilt	MRV1_Lang	20251015	5000	3008	40	3
prebuilt	MRV1_Lang	20260226	5000	3008	3	3
prebuilt	MRV1_Lang	20260626	5000	3008	3	3
prebuilt	MRV3	20201202	5000	5000	5	5
prebuilt	MRV3	20210517	5000	5000	3	3
prebuilt	MRV3	20220607	5000	5000	6	6
prebuilt	MRV3	20220908	5000	5000	3	3
prebuilt	MRV3	20221209	5000	5000	2	2
prebuilt	MRV3	20230314	5000	5000	1	1
prebuilt	MRV3	20230605	5000	5000	3	3
prebuilt	MRV3	20231009	5000	5000	5	5
prebuilt	MRV3	20240112	5000	5000	2	2
prebuilt	MRV3	20240605	5000	5000	2	2
prebuilt	MRV3	20240904	5000	5000	2	2
prebuilt	MRV3	20241228	5000	5000	1	1
prebuilt	MRV3	20250402	5000	5000	1	1
prebuilt	MRV3	20250714	5000	5000	3	3
prebuilt	MRV3	20251015	5000	5000	1	1
prebuilt	MRV3	20260226	5000	5000	1	1
prebuilt	MRV3	20260626	5000	5000	6	6
prebuilt	MVM	20201202	5000	5000	1133	14
prebuilt	MVM	20210517	5000	5000	1135	18
prebuilt	MVM	20220607	5000	4904	4086	123
prebuilt	MVM	20220908	5000	5000	1132	13
prebuilt	MVM	20221209	5000	5000	1133	16
prebuilt	MVM	20230314	5000	5000	1133	15
prebuilt	MVM	20230605	5000	5000	1213	19
prebuilt	MVM	20231009	5000	5000	1211	16
prebuilt	MVM	20240112	5000	5000	1208	16
prebuilt	MVM	20240605	5000	5000	1208	16
prebuilt	MVM	20240904	5000	5000	1208	13
prebuilt	MVM	20241228	5000	5000	1213	19
prebuilt	MVM	20250402	5000	5000	1213	19
prebuilt	MVM	20250714	5000	5000	1213	20
prebuilt	MVM	20251015	5000	5000	1211	21
prebuilt	MVM	20260226	5000	5000	1213	20
prebuilt	MVM	20260626	5000	5000	1211	17
prebuilt	MoMuLV	20201202	5000	4701	4258	249
prebuilt	MoMuLV	20210517	5000	4701	4258	252
prebuilt	MoMuLV	20220607	5000	4717	4258	244
prebuilt	MoMuLV	20220908	5000	4701	4258	252
prebuilt	MoMuLV	20221209	5000	4701	4258	255
prebuilt	MoMuLV	20230314	5000	4701	4259	258
prebuilt	MoMuLV	20230605	5000	4701	4258	263
prebuilt	MoMuLV	20231009	5000	4701	4258	253
prebuilt	MoMuLV	20240112	5000	4701	4258	251
prebuilt	MoMuLV	20240605	5000	4701	4258	250
prebuilt	MoMuLV	20240904	5000	4701	4259	253
prebuilt	MoMuLV	20241228	5000	4701	4258	251
prebuilt	MoMuLV	20250402	5000	4701	4258	251
prebuilt	MoMuLV	20250714	5000	4701	4258	250
prebuilt	MoMuLV	20251015	5000	4701	4258	249
prebuilt	MoMuLV	20260226	5000	4701	4259	253
prebuilt	MoMuLV	20260626	5000	4701	4259	254
prebuilt	PCV1	20201202	5000	4653	3361	810
prebuilt	PCV1	20210517	5000	4653	3361	805
prebuilt	PCV1	20220607	5000	4652	3361	811
prebuilt	PCV1	20220908	5000	4652	3361	806
prebuilt	PCV1	20221209	5000	4652	3362	808
prebuilt	PCV1	20230314	5000	4652	3361	806
prebuilt	PCV1	20230605	5000	4652	3367	825
prebuilt	PCV1	20231009	5000	4652	3366	825
prebuilt	PCV1	20240112	5000	4652	3366	829
prebuilt	PCV1	20240605	5000	4652	3366	829
prebuilt	PCV1	20240904	5000	4652	3373	837
prebuilt	PCV1	20241228	5000	4652	3366	824
prebuilt	PCV1	20250402	5000	4652	3366	824
prebuilt	PCV1	20250714	5000	4652	3366	824
prebuilt	PCV1	20251015	5000	4651	3366	829
prebuilt	PCV1	20260226	5000	4651	3366	824
prebuilt	PCV1	20260626	5000	4651	3366	826
prebuilt	PCV2	20201202	5000	5000	4657	68
prebuilt	PCV2	20210517	5000	5000	4657	70
prebuilt	PCV2	20220607	5000	5000	4657	71
prebuilt	PCV2	20220908	5000	5000	4657	71
prebuilt	PCV2	20221209	5000	5000	4657	73
prebuilt	PCV2	20230314	5000	5000	4657	72
prebuilt	PCV2	20230605	5000	5000	4659	73
prebuilt	PCV2	20231009	5000	5000	4658	72
prebuilt	PCV2	20240112	5000	5000	4658	74
prebuilt	PCV2	20240605	5000	5000	4658	74
prebuilt	PCV2	20240904	5000	5000	4658	77
prebuilt	PCV2	20241228	5000	5000	4658	78
prebuilt	PCV2	20250402	5000	5000	4658	78
prebuilt	PCV2	20250714	5000	5000	4658	75
prebuilt	PCV2	20251015	5000	5000	4658	71
prebuilt	PCV2	20260226	5000	5000	4659	74
prebuilt	PCV2	20260626	5000	5000	4658	71
prebuilt	PPV	20201202	5000	5000	691	9
prebuilt	PPV	20210517	5000	5000	694	11
prebuilt	PPV	20220607	5000	5000	999	14
prebuilt	PPV	20220908	5000	5000	695	15
prebuilt	PPV	20221209	5000	5000	692	9
prebuilt	PPV	20230314	5000	5000	691	9
prebuilt	PPV	20230605	5000	5000	695	15
prebuilt	PPV	20231009	5000	5000	694	11
prebuilt	PPV	20240112	5000	5000	698	15
prebuilt	PPV	20240605	5000	5000	698	15
prebuilt	PPV	20240904	5000	5000	693	10
prebuilt	PPV	20241228	5000	5000	692	9
prebuilt	PPV	20250402	5000	5000	692	9
prebuilt	PPV	20250714	5000	5000	694	13
prebuilt	PPV	20251015	5000	5000	695	12
prebuilt	PPV	20260226	5000	5000	698	15
prebuilt	PPV	20260626	5000	5000	696	15
prebuilt	RSV_A	20201202	5000	4993	4981	286
prebuilt	RSV_A	20210517	5000	4994	4982	277
prebuilt	RSV_A	20220607	5000	4994	4982	276
prebuilt	RSV_A	20220908	5000	4994	4982	282
prebuilt	RSV_A	20221209	5000	4994	4982	280
prebuilt	RSV_A	20230314	5000	4994	4982	277
prebuilt	RSV_A	20230605	5000	4994	4982	282
prebuilt	RSV_A	20231009	5000	4994	4982	278
prebuilt	RSV_A	20240112	5000	4994	4982	279
prebuilt	RSV_A	20240605	5000	4994	4982	279
prebuilt	RSV_A	20240904	5000	4997	693	13
prebuilt	RSV_A	20241228	5000	4997	693	13
prebuilt	RSV_A	20250402	5000	4997	693	13
prebuilt	RSV_A	20250714	5000	4997	692	11
prebuilt	RSV_A	20251015	5000	4997	696	15
prebuilt	RSV_A	20260226	5000	4997	695	15
prebuilt	RSV_A	20260626	5000	4997	695	14
prebuilt	SV40	20201202	5000	5000	2131	251
prebuilt	SV40	20210517	5000	5000	2128	246
prebuilt	SV40	20220607	5000	5000	2128	248
prebuilt	SV40	20220908	5000	5000	2132	250
prebuilt	SV40	20221209	5000	5000	2128	249
prebuilt	SV40	20230314	5000	5000	2129	247
prebuilt	SV40	20230605	5000	5000	2131	250
prebuilt	SV40	20231009	5000	5000	2129	250
prebuilt	SV40	20240112	5000	5000	2128	247
prebuilt	SV40	20240605	5000	5000	2128	247
prebuilt	SV40	20240904	5000	5000	2131	250
prebuilt	SV40	20241228	5000	5000	2129	248
prebuilt	SV40	20250402	5000	5000	2129	248
prebuilt	SV40	20250714	5000	5000	2130	249
prebuilt	SV40	20251015	5000	5000	2128	248
prebuilt	SV40	20260226	5000	5000	2129	247
prebuilt	SV40	20260626	5000	5000	2133	252
