accession,taxid,genome_length,sibling_count_msl39,pct_before_any,pct_before_correct,pct_after_correct
NC_023295.1,3241188,7315,0,-31050.0,0.0,100.0
NC_034381.1,2870378,8468,1,-1253.4884,0.0,100.0
NC_033476.1,2849745,2397,0,0.0,0.0,100.0
NC_033477.1,2849745,2184,0,0.0,0.0,100.0
NC_033494.1,2849745,1967,0,0.0,0.0,100.0
NC_033495.1,2849745,1131,0,0.0,0.0,100.0
NC_033496.1,2849745,1060,0,0.0,0.0,100.0
NC_034617.1,2870375,8541,1,-3737.0079,0.0,100.0
NC_022332.1,2870364,7539,1,0.0,0.0,100.0
NC_026470.1,2870348,8096,1,0.0,0.0,100.0
NC_017859.1,3158378,8601,0,-14085.7143,0.0,100.0
NC_010314.1,3158377,1090,0,-8420.6897,0.0,100.0
NC_010315.1,3158377,1057,0,-6942.8571,0.0,100.0
NC_010316.1,3158377,1087,0,-169.2762,0.0,100.0
NC_010317.1,3158377,1074,0,0.0,0.0,100.0
NC_010318.1,3158377,1015,0,0.0,0.0,100.0
NC_010319.1,3158377,1099,0,-48.139,0.0,100.0
NC_016404.1,3240218,7488,0,0.0,0.0,100.0
NC_001921.1,3139435,15690,4,-1792.0319,0.0,100.0
AC_000009.1,3241440,32621,52,100.0,0.0,100.0
NC_039041.1,2847277,7773,1,-13688.8889,0.0,100.0
NC_023162.1,2870354,7697,1,0.0,0.0,100.0
NC_043087.1,3240217,7566,0,-5234.7826,0.0,100.0
NC_043137.1,3240722,1298,0,35.0379,0.0,100.0
NC_043423.1,3240558,1832,191,-151.3703,0.0,100.0
NC_043537.1,3240745,9646,0,-442.6735,0.0,100.0
NC_040611.1,3121209,8838,1,-2215.4589,0.0,100.0
NC_001989.1,3136119,15140,1,100.0,0.0,100.0
NC_032105.1,2848082,33562,1,-78.5515,0.0,100.0
NC_055108.1,2848036,7653,1,0.0,0.0,100.0
NC_019444.1,3126011,176043,1,-1.2882,0.0,99.74
NC_055003.1,2847818,21458,1,100.0,0.0,73.92
NC_048148.1,2848038,41024,1,-1500.6803,0.0,100.0
NC_073761.1,3071296,7878,0,-4750.495,0.0,100.0
NC_077218.1,2849721,288858,0,-249800.0,0.0,100.0
NC_075965.1,3241439,31743,52,-500.2801,0.0,100.0
NC_076005.1,2870355,9218,0,0.0,0.0,100.0
NC_076508.1,2870356,9196,0,0.0,0.0,100.0
NC_076015.1,2870402,8084,0,0.0,0.0,100.0
NC_076627.1,3071315,10882,0,-3296.5035,0.0,100.0
NC_076204.1,3071284,9450,2,-499800.0,0.0,100.0
NC_076965.1,3118716,144008,0,-162.0565,0.0,99.9199
NC_076340.1,2848040,27209,0,-220.1681,0.0,100.0
NC_077038.1,3070179,4631,0,0.0,0.0,100.0
NC_077074.1,3070825,4219,0,-249800.0,0.0,100.0
NC_078286.1,2847074,1608,0,0.0,0.0,100.0
NC_078287.1,2847074,3244,0,-249800.0,0.0,100.0
NC_078288.1,2847074,6676,0,0.0,0.0,100.0
NC_079041.1,3071303,6775,0,0.0,0.0,100.0
NC_079042.1,3071303,5291,0,0.0,0.0,100.0
NC_078343.1,3118717,2483,0,0.0,0.0,100.0
NC_078344.1,3118717,12550,0,-499800.0,0.0,100.0
NC_078345.1,3118717,6063,0,0.0,0.0,100.0
NC_079101.1,3071295,8658,0,0.0,0.0,100.0
NC_079102.1,3071295,3622,0,0.0,0.0,100.0
NC_121511.1,3118720,35155,0,69.6899,0.0,81.18
