index	run	sample	RSV_clade	MRV_clade	reads
20201202	SRR26352207	RSV neg	0	0	
20201202	SRR26352206	RSV 1e6	14	0	SRR26352206.21718;SRR26352206.209173;SRR26352206.227606;SRR26352206.617050;SRR26352206.725258;SRR26352206.773743;SRR26352206.932502;SRR26352206.1101287;SRR26352206.1106640;SRR26352206.1122897;SRR26352206.1306350;SRR26352206.1426138;SRR26352206.1608596;SRR26352206.1886785
20201202	SRR26352204	RSV 1e5	0	0	
20201202	SRR26352215	RSV 1e4	0	0	
20201202	SRR26352205	RSV 1e3	0	0	
20201202	SRR26352203	RSV 1e2	0	0	
20201202	SRR26352202	RSV 1e1	1	0	SRR26352202.1728701
20201202	SRR26352217	MRV neg	0	0	
20201202	SRR26352216	MRV 1e6	0	1	SRR26352216.1152145
20201202	SRR26352195	MRV 1e5	0	0	
20201202	SRR26352184	MRV 1e4	0	0	
20201202	SRR26352212	MRV 1e3	0	0	
20201202	SRR26352209	MRV 1e2	0	0	
20201202	SRR26352208	MRV 1e1	0	0	
20210517	SRR26352207	RSV neg	0	0	
20210517	SRR26352206	RSV 1e6	14	0	SRR26352206.21718;SRR26352206.209173;SRR26352206.227606;SRR26352206.617050;SRR26352206.725258;SRR26352206.773743;SRR26352206.932502;SRR26352206.1101287;SRR26352206.1106640;SRR26352206.1122897;SRR26352206.1306350;SRR26352206.1426138;SRR26352206.1608596;SRR26352206.1886785
20210517	SRR26352204	RSV 1e5	0	0	
20210517	SRR26352215	RSV 1e4	0	0	
20210517	SRR26352205	RSV 1e3	0	0	
20210517	SRR26352203	RSV 1e2	0	0	
20210517	SRR26352202	RSV 1e1	1	0	SRR26352202.1728701
20210517	SRR26352217	MRV neg	0	0	
20210517	SRR26352216	MRV 1e6	0	1	SRR26352216.1152145
20210517	SRR26352195	MRV 1e5	0	0	
20210517	SRR26352184	MRV 1e4	0	0	
20210517	SRR26352212	MRV 1e3	0	0	
20210517	SRR26352209	MRV 1e2	0	0	
20210517	SRR26352208	MRV 1e1	0	0	
20220607	SRR26352207	RSV neg	0	0	
20220607	SRR26352206	RSV 1e6	14	0	SRR26352206.21718;SRR26352206.209173;SRR26352206.227606;SRR26352206.617050;SRR26352206.725258;SRR26352206.773743;SRR26352206.932502;SRR26352206.1101287;SRR26352206.1106640;SRR26352206.1122897;SRR26352206.1306350;SRR26352206.1426138;SRR26352206.1608596;SRR26352206.1886785
20220607	SRR26352204	RSV 1e5	0	0	
20220607	SRR26352215	RSV 1e4	0	0	
20220607	SRR26352205	RSV 1e3	0	0	
20220607	SRR26352203	RSV 1e2	0	0	
20220607	SRR26352202	RSV 1e1	1	0	SRR26352202.1728701
20220607	SRR26352217	MRV neg	0	0	
20220607	SRR26352216	MRV 1e6	0	1	SRR26352216.1152145
20220607	SRR26352195	MRV 1e5	0	0	
20220607	SRR26352184	MRV 1e4	0	0	
20220607	SRR26352212	MRV 1e3	0	0	
20220607	SRR26352209	MRV 1e2	0	0	
20220607	SRR26352208	MRV 1e1	0	0	
20220908	SRR26352207	RSV neg	0	0	
20220908	SRR26352206	RSV 1e6	14	0	SRR26352206.21718;SRR26352206.209173;SRR26352206.227606;SRR26352206.617050;SRR26352206.725258;SRR26352206.773743;SRR26352206.932502;SRR26352206.1101287;SRR26352206.1106640;SRR26352206.1122897;SRR26352206.1306350;SRR26352206.1426138;SRR26352206.1608596;SRR26352206.1886785
20220908	SRR26352204	RSV 1e5	0	0	
20220908	SRR26352215	RSV 1e4	0	0	
20220908	SRR26352205	RSV 1e3	0	0	
20220908	SRR26352203	RSV 1e2	0	0	
20220908	SRR26352202	RSV 1e1	1	0	SRR26352202.1728701
20220908	SRR26352217	MRV neg	0	0	
20220908	SRR26352216	MRV 1e6	0	1	SRR26352216.1152145
20220908	SRR26352195	MRV 1e5	0	0	
20220908	SRR26352184	MRV 1e4	0	0	
20220908	SRR26352212	MRV 1e3	0	0	
20220908	SRR26352209	MRV 1e2	0	0	
20220908	SRR26352208	MRV 1e1	0	0	
20221209	SRR26352207	RSV neg	0	0	
20221209	SRR26352206	RSV 1e6	14	0	SRR26352206.21718;SRR26352206.209173;SRR26352206.227606;SRR26352206.617050;SRR26352206.725258;SRR26352206.773743;SRR26352206.932502;SRR26352206.1101287;SRR26352206.1106640;SRR26352206.1122897;SRR26352206.1306350;SRR26352206.1426138;SRR26352206.1608596;SRR26352206.1886785
20221209	SRR26352204	RSV 1e5	0	0	
20221209	SRR26352215	RSV 1e4	0	0	
20221209	SRR26352205	RSV 1e3	0	0	
20221209	SRR26352203	RSV 1e2	0	0	
20221209	SRR26352202	RSV 1e1	1	0	SRR26352202.1728701
20221209	SRR26352217	MRV neg	0	0	
20221209	SRR26352216	MRV 1e6	0	1	SRR26352216.1152145
20221209	SRR26352195	MRV 1e5	0	0	
20221209	SRR26352184	MRV 1e4	0	0	
20221209	SRR26352212	MRV 1e3	0	0	
20221209	SRR26352209	MRV 1e2	0	0	
20221209	SRR26352208	MRV 1e1	0	0	
20230314	SRR26352207	RSV neg	0	0	
20230314	SRR26352206	RSV 1e6	14	0	SRR26352206.21718;SRR26352206.209173;SRR26352206.227606;SRR26352206.617050;SRR26352206.725258;SRR26352206.773743;SRR26352206.932502;SRR26352206.1101287;SRR26352206.1106640;SRR26352206.1122897;SRR26352206.1306350;SRR26352206.1426138;SRR26352206.1608596;SRR26352206.1886785
20230314	SRR26352204	RSV 1e5	0	0	
20230314	SRR26352215	RSV 1e4	0	0	
20230314	SRR26352205	RSV 1e3	0	0	
20230314	SRR26352203	RSV 1e2	0	0	
20230314	SRR26352202	RSV 1e1	1	0	SRR26352202.1728701
20230314	SRR26352217	MRV neg	0	0	
20230314	SRR26352216	MRV 1e6	0	1	SRR26352216.1152145
20230314	SRR26352195	MRV 1e5	0	0	
20230314	SRR26352184	MRV 1e4	0	0	
20230314	SRR26352212	MRV 1e3	0	0	
20230314	SRR26352209	MRV 1e2	0	0	
20230314	SRR26352208	MRV 1e1	0	0	
20230605	SRR26352207	RSV neg	0	0	
20230605	SRR26352206	RSV 1e6	14	0	SRR26352206.21718;SRR26352206.209173;SRR26352206.227606;SRR26352206.617050;SRR26352206.725258;SRR26352206.773743;SRR26352206.932502;SRR26352206.1101287;SRR26352206.1106640;SRR26352206.1122897;SRR26352206.1306350;SRR26352206.1426138;SRR26352206.1608596;SRR26352206.1886785
20230605	SRR26352204	RSV 1e5	0	0	
20230605	SRR26352215	RSV 1e4	0	0	
20230605	SRR26352205	RSV 1e3	0	0	
20230605	SRR26352203	RSV 1e2	0	0	
20230605	SRR26352202	RSV 1e1	1	0	SRR26352202.1728701
20230605	SRR26352217	MRV neg	0	0	
20230605	SRR26352216	MRV 1e6	0	1	SRR26352216.1152145
20230605	SRR26352195	MRV 1e5	0	0	
20230605	SRR26352184	MRV 1e4	0	0	
20230605	SRR26352212	MRV 1e3	0	0	
20230605	SRR26352209	MRV 1e2	0	0	
20230605	SRR26352208	MRV 1e1	0	0	
20231009	SRR26352207	RSV neg	0	0	
20231009	SRR26352206	RSV 1e6	14	0	SRR26352206.21718;SRR26352206.209173;SRR26352206.227606;SRR26352206.617050;SRR26352206.725258;SRR26352206.773743;SRR26352206.932502;SRR26352206.1101287;SRR26352206.1106640;SRR26352206.1122897;SRR26352206.1306350;SRR26352206.1426138;SRR26352206.1608596;SRR26352206.1886785
20231009	SRR26352204	RSV 1e5	0	0	
20231009	SRR26352215	RSV 1e4	0	0	
20231009	SRR26352205	RSV 1e3	0	0	
20231009	SRR26352203	RSV 1e2	0	0	
20231009	SRR26352202	RSV 1e1	1	0	SRR26352202.1728701
20231009	SRR26352217	MRV neg	0	0	
20231009	SRR26352216	MRV 1e6	0	1	SRR26352216.1152145
20231009	SRR26352195	MRV 1e5	0	0	
20231009	SRR26352184	MRV 1e4	0	0	
20231009	SRR26352212	MRV 1e3	0	0	
20231009	SRR26352209	MRV 1e2	0	0	
20231009	SRR26352208	MRV 1e1	0	0	
20240112	SRR26352207	RSV neg	0	0	
20240112	SRR26352206	RSV 1e6	14	0	SRR26352206.21718;SRR26352206.209173;SRR26352206.227606;SRR26352206.617050;SRR26352206.725258;SRR26352206.773743;SRR26352206.932502;SRR26352206.1101287;SRR26352206.1106640;SRR26352206.1122897;SRR26352206.1306350;SRR26352206.1426138;SRR26352206.1608596;SRR26352206.1886785
20240112	SRR26352204	RSV 1e5	0	0	
20240112	SRR26352215	RSV 1e4	0	0	
20240112	SRR26352205	RSV 1e3	0	0	
20240112	SRR26352203	RSV 1e2	0	0	
20240112	SRR26352202	RSV 1e1	1	0	SRR26352202.1728701
20240112	SRR26352217	MRV neg	0	0	
20240112	SRR26352216	MRV 1e6	0	1	SRR26352216.1152145
20240112	SRR26352195	MRV 1e5	0	0	
20240112	SRR26352184	MRV 1e4	0	0	
20240112	SRR26352212	MRV 1e3	0	0	
20240112	SRR26352209	MRV 1e2	0	0	
20240112	SRR26352208	MRV 1e1	0	0	
20240605	SRR26352207	RSV neg	0	0	
20240605	SRR26352206	RSV 1e6	14	0	SRR26352206.21718;SRR26352206.209173;SRR26352206.227606;SRR26352206.617050;SRR26352206.725258;SRR26352206.773743;SRR26352206.932502;SRR26352206.1101287;SRR26352206.1106640;SRR26352206.1122897;SRR26352206.1306350;SRR26352206.1426138;SRR26352206.1608596;SRR26352206.1886785
20240605	SRR26352204	RSV 1e5	0	0	
20240605	SRR26352215	RSV 1e4	0	0	
20240605	SRR26352205	RSV 1e3	0	0	
20240605	SRR26352203	RSV 1e2	0	0	
20240605	SRR26352202	RSV 1e1	1	0	SRR26352202.1728701
20240605	SRR26352217	MRV neg	0	0	
20240605	SRR26352216	MRV 1e6	0	1	SRR26352216.1152145
20240605	SRR26352195	MRV 1e5	0	0	
20240605	SRR26352184	MRV 1e4	0	0	
20240605	SRR26352212	MRV 1e3	0	0	
20240605	SRR26352209	MRV 1e2	0	0	
20240605	SRR26352208	MRV 1e1	0	0	
20240904	SRR26352207	RSV neg	0	0	
20240904	SRR26352206	RSV 1e6	17	0	SRR26352206.21718;SRR26352206.209173;SRR26352206.227606;SRR26352206.617050;SRR26352206.725258;SRR26352206.773743;SRR26352206.910130;SRR26352206.932502;SRR26352206.1051619;SRR26352206.1101287;SRR26352206.1106640;SRR26352206.1122897;SRR26352206.1306350;SRR26352206.1341633;SRR26352206.1426138;SRR26352206.1608596;SRR26352206.1886785
20240904	SRR26352204	RSV 1e5	0	0	
20240904	SRR26352215	RSV 1e4	0	0	
20240904	SRR26352205	RSV 1e3	0	0	
20240904	SRR26352203	RSV 1e2	0	0	
20240904	SRR26352202	RSV 1e1	1	0	SRR26352202.1728701
20240904	SRR26352217	MRV neg	0	0	
20240904	SRR26352216	MRV 1e6	0	1	SRR26352216.1152145
20240904	SRR26352195	MRV 1e5	0	0	
20240904	SRR26352184	MRV 1e4	0	0	
20240904	SRR26352212	MRV 1e3	0	0	
20240904	SRR26352209	MRV 1e2	0	0	
20240904	SRR26352208	MRV 1e1	0	0	
20241228	SRR26352207	RSV neg	0	0	
20241228	SRR26352206	RSV 1e6	17	0	SRR26352206.21718;SRR26352206.209173;SRR26352206.227606;SRR26352206.617050;SRR26352206.725258;SRR26352206.773743;SRR26352206.910130;SRR26352206.932502;SRR26352206.1051619;SRR26352206.1101287;SRR26352206.1106640;SRR26352206.1122897;SRR26352206.1306350;SRR26352206.1341633;SRR26352206.1426138;SRR26352206.1608596;SRR26352206.1886785
20241228	SRR26352204	RSV 1e5	0	0	
20241228	SRR26352215	RSV 1e4	0	0	
20241228	SRR26352205	RSV 1e3	0	0	
20241228	SRR26352203	RSV 1e2	0	0	
20241228	SRR26352202	RSV 1e1	1	0	SRR26352202.1728701
20241228	SRR26352217	MRV neg	0	0	
20241228	SRR26352216	MRV 1e6	0	1	SRR26352216.1152145
20241228	SRR26352195	MRV 1e5	0	0	
20241228	SRR26352184	MRV 1e4	0	0	
20241228	SRR26352212	MRV 1e3	0	0	
20241228	SRR26352209	MRV 1e2	0	0	
20241228	SRR26352208	MRV 1e1	0	0	
20250402	SRR26352207	RSV neg	0	0	
20250402	SRR26352206	RSV 1e6	17	0	SRR26352206.21718;SRR26352206.209173;SRR26352206.227606;SRR26352206.617050;SRR26352206.725258;SRR26352206.773743;SRR26352206.910130;SRR26352206.932502;SRR26352206.1051619;SRR26352206.1101287;SRR26352206.1106640;SRR26352206.1122897;SRR26352206.1306350;SRR26352206.1341633;SRR26352206.1426138;SRR26352206.1608596;SRR26352206.1886785
20250402	SRR26352204	RSV 1e5	0	0	
20250402	SRR26352215	RSV 1e4	0	0	
20250402	SRR26352205	RSV 1e3	0	0	
20250402	SRR26352203	RSV 1e2	0	0	
20250402	SRR26352202	RSV 1e1	1	0	SRR26352202.1728701
20250402	SRR26352217	MRV neg	0	0	
20250402	SRR26352216	MRV 1e6	0	1	SRR26352216.1152145
20250402	SRR26352195	MRV 1e5	0	0	
20250402	SRR26352184	MRV 1e4	0	0	
20250402	SRR26352212	MRV 1e3	0	0	
20250402	SRR26352209	MRV 1e2	0	0	
20250402	SRR26352208	MRV 1e1	0	0	
20250714	SRR26352207	RSV neg	0	0	
20250714	SRR26352206	RSV 1e6	17	0	SRR26352206.21718;SRR26352206.209173;SRR26352206.227606;SRR26352206.617050;SRR26352206.725258;SRR26352206.773743;SRR26352206.910130;SRR26352206.932502;SRR26352206.1051619;SRR26352206.1101287;SRR26352206.1106640;SRR26352206.1122897;SRR26352206.1306350;SRR26352206.1341633;SRR26352206.1426138;SRR26352206.1608596;SRR26352206.1886785
20250714	SRR26352204	RSV 1e5	0	0	
20250714	SRR26352215	RSV 1e4	0	0	
20250714	SRR26352205	RSV 1e3	0	0	
20250714	SRR26352203	RSV 1e2	0	0	
20250714	SRR26352202	RSV 1e1	1	0	SRR26352202.1728701
20250714	SRR26352217	MRV neg	0	0	
20250714	SRR26352216	MRV 1e6	0	1	SRR26352216.1152145
20250714	SRR26352195	MRV 1e5	0	0	
20250714	SRR26352184	MRV 1e4	0	0	
20250714	SRR26352212	MRV 1e3	0	0	
20250714	SRR26352209	MRV 1e2	0	0	
20250714	SRR26352208	MRV 1e1	0	0	
20251015	SRR26352207	RSV neg	0	0	
20251015	SRR26352206	RSV 1e6	17	0	SRR26352206.21718;SRR26352206.209173;SRR26352206.227606;SRR26352206.617050;SRR26352206.725258;SRR26352206.773743;SRR26352206.910130;SRR26352206.932502;SRR26352206.1051619;SRR26352206.1101287;SRR26352206.1106640;SRR26352206.1122897;SRR26352206.1306350;SRR26352206.1341633;SRR26352206.1426138;SRR26352206.1608596;SRR26352206.1886785
20251015	SRR26352204	RSV 1e5	0	0	
20251015	SRR26352215	RSV 1e4	0	0	
20251015	SRR26352205	RSV 1e3	0	0	
20251015	SRR26352203	RSV 1e2	0	0	
20251015	SRR26352202	RSV 1e1	1	0	SRR26352202.1728701
20251015	SRR26352217	MRV neg	0	0	
20251015	SRR26352216	MRV 1e6	0	1	SRR26352216.1152145
20251015	SRR26352195	MRV 1e5	0	0	
20251015	SRR26352184	MRV 1e4	0	0	
20251015	SRR26352212	MRV 1e3	0	0	
20251015	SRR26352209	MRV 1e2	0	0	
20251015	SRR26352208	MRV 1e1	0	0	
20260226	SRR26352207	RSV neg	0	0	
20260226	SRR26352206	RSV 1e6	17	0	SRR26352206.21718;SRR26352206.209173;SRR26352206.227606;SRR26352206.617050;SRR26352206.725258;SRR26352206.773743;SRR26352206.910130;SRR26352206.932502;SRR26352206.1051619;SRR26352206.1101287;SRR26352206.1106640;SRR26352206.1122897;SRR26352206.1306350;SRR26352206.1341633;SRR26352206.1426138;SRR26352206.1608596;SRR26352206.1886785
20260226	SRR26352204	RSV 1e5	0	0	
20260226	SRR26352215	RSV 1e4	0	0	
20260226	SRR26352205	RSV 1e3	0	0	
20260226	SRR26352203	RSV 1e2	0	0	
20260226	SRR26352202	RSV 1e1	1	0	SRR26352202.1728701
20260226	SRR26352217	MRV neg	0	0	
20260226	SRR26352216	MRV 1e6	0	1	SRR26352216.1152145
20260226	SRR26352195	MRV 1e5	0	0	
20260226	SRR26352184	MRV 1e4	0	0	
20260226	SRR26352212	MRV 1e3	0	0	
20260226	SRR26352209	MRV 1e2	0	0	
20260226	SRR26352208	MRV 1e1	0	0	
20260626	SRR26352207	RSV neg	0	0	
20260626	SRR26352206	RSV 1e6	17	0	SRR26352206.21718;SRR26352206.209173;SRR26352206.227606;SRR26352206.617050;SRR26352206.725258;SRR26352206.773743;SRR26352206.910130;SRR26352206.932502;SRR26352206.1051619;SRR26352206.1101287;SRR26352206.1106640;SRR26352206.1122897;SRR26352206.1306350;SRR26352206.1341633;SRR26352206.1426138;SRR26352206.1608596;SRR26352206.1886785
20260626	SRR26352204	RSV 1e5	0	0	
20260626	SRR26352215	RSV 1e4	0	0	
20260626	SRR26352205	RSV 1e3	0	0	
20260626	SRR26352203	RSV 1e2	0	0	
20260626	SRR26352202	RSV 1e1	1	0	SRR26352202.1728701
20260626	SRR26352217	MRV neg	0	0	
20260626	SRR26352216	MRV 1e6	0	1	SRR26352216.1152145
20260626	SRR26352195	MRV 1e5	0	0	
20260626	SRR26352184	MRV 1e4	0	0	
20260626	SRR26352212	MRV 1e3	0	0	
20260626	SRR26352209	MRV 1e2	0	0	
20260626	SRR26352208	MRV 1e1	0	0	
