run	read	sample	n_databases	best_viral_megablast_hit	longest_exact_match_RSV_or_MRV_genome_nt	PICR_mate1_identity/coverage/NM	PICR_mate2	CHOK1_mate1	CHOK1_mate2	databases
SRR26352184	SRR26352184.1287153	MRV 1e4	9	none	13	100.0/98/0	100.0/97/0	100.0/98/0	100.0/97/0	current:current:MRV;d3:msl36:MRV;d3:msl37:MRV;d3:msl38:MRV;d3:msl39:MRV;d3:msl40:MRV;d3:msl41:MRV;factorial:b_msl41plus1_msl41tax:MRV;factorial:d_current_rebuild_2threads:MRV
SRR26352184	SRR26352184.1558839	MRV 1e4	9	none	13	100.0/100/0	100.0/86/0	100.0/100/0	100.0/86/0	current:current:MRV;d3:msl36:MRV;d3:msl37:MRV;d3:msl38:MRV;d3:msl39:MRV;d3:msl40:MRV;d3:msl41:MRV;factorial:b_msl41plus1_msl41tax:MRV;factorial:d_current_rebuild_2threads:MRV
SRR26352184	SRR26352184.378763	MRV 1e4	9	none	13	100.0/100/0	99.0/100/1	99.0/100/1	99.0/100/1	current:current:MRV;d3:msl36:MRV;d3:msl37:MRV;d3:msl38:MRV;d3:msl39:MRV;d3:msl40:MRV;d3:msl41:MRV;factorial:b_msl41plus1_msl41tax:MRV;factorial:d_current_rebuild_2threads:MRV
SRR26352184	SRR26352184.582649	MRV 1e4	9	none	13	100.0/97/0	100.0/97/0	100.0/97/0	100.0/97/0	current:current:MRV;d3:msl36:MRV;d3:msl37:MRV;d3:msl38:MRV;d3:msl39:MRV;d3:msl40:MRV;d3:msl41:MRV;factorial:b_msl41plus1_msl41tax:MRV;factorial:d_current_rebuild_2threads:MRV
SRR26352184	SRR26352184.886971	MRV 1e4	9	none	13	100.0/94/0	100.0/92/0	100.0/94/0	100.0/92/0	current:current:MRV;d3:msl36:MRV;d3:msl37:MRV;d3:msl38:MRV;d3:msl39:MRV;d3:msl40:MRV;d3:msl41:MRV;factorial:b_msl41plus1_msl41tax:MRV;factorial:d_current_rebuild_2threads:MRV
SRR26352195	SRR26352195.1750668	MRV 1e5	9	none	13	100.0/100/0	100.0/100/0	100.0/100/0	100.0/100/0	current:current:MRV;d3:msl36:MRV;d3:msl37:MRV;d3:msl38:MRV;d3:msl39:MRV;d3:msl40:MRV;d3:msl41:MRV;factorial:b_msl41plus1_msl41tax:MRV;factorial:d_current_rebuild_2threads:MRV
SRR26352195	SRR26352195.456145	MRV 1e5	9	none	13	100.0/100/0	100.0/100/0	100.0/100/0	100.0/100/0	current:current:MRV;d3:msl36:MRV;d3:msl37:MRV;d3:msl38:MRV;d3:msl39:MRV;d3:msl40:MRV;d3:msl41:MRV;factorial:b_msl41plus1_msl41tax:MRV;factorial:d_current_rebuild_2threads:MRV
SRR26352202	SRR26352202.1053409	RSV 1e1	9	none	13	100.0/100/0	100.0/100/0	100.0/100/0	100.0/100/0	current:current:MRV;d3:msl36:MRV;d3:msl37:MRV;d3:msl38:MRV;d3:msl39:MRV;d3:msl40:MRV;d3:msl41:MRV;factorial:b_msl41plus1_msl41tax:MRV;factorial:d_current_rebuild_2threads:MRV
SRR26352202	SRR26352202.105453	RSV 1e1	9	none	13	100.0/100/0	100.0/97/0	100.0/100/0	100.0/97/0	current:current:MRV;d3:msl36:MRV;d3:msl37:MRV;d3:msl38:MRV;d3:msl39:MRV;d3:msl40:MRV;d3:msl41:MRV;factorial:b_msl41plus1_msl41tax:MRV;factorial:d_current_rebuild_2threads:MRV
SRR26352202	SRR26352202.1442940	RSV 1e1	9	none	13	100.0/100/0	99.0/100/1	100.0/100/0	99.0/100/1	current:current:MRV;d3:msl36:MRV;d3:msl37:MRV;d3:msl38:MRV;d3:msl39:MRV;d3:msl40:MRV;d3:msl41:MRV;factorial:b_msl41plus1_msl41tax:MRV;factorial:d_current_rebuild_2threads:MRV
SRR26352202	SRR26352202.1676470	RSV 1e1	9	none	13	100.0/100/0	100.0/100/0	100.0/100/0	100.0/100/0	current:current:MRV;d3:msl36:MRV;d3:msl37:MRV;d3:msl38:MRV;d3:msl39:MRV;d3:msl40:MRV;d3:msl41:MRV;factorial:b_msl41plus1_msl41tax:MRV;factorial:d_current_rebuild_2threads:MRV
SRR26352202	SRR26352202.1728701	RSV 1e1	61	NC_038235.1 100.0% over 99 nt (NC_038235.1 taxid=11250 Human respiratory syncytial virus is)	99	-	-	-	-	current:current:RSV;d1:msl29:RSV;d1:msl30:RSV;d1:msl31:RSV;d1:msl32:RSV;d1:msl33:RSV;d1:msl34:RSV;d1:msl35:RSV;d1:msl36:RSV;d1:msl37:RSV;d1:msl38:RSV;d1:msl39:RSV;d1:msl40:RSV;d1:msl41:RSV;d3:msl29:RSV;d3:msl30:RSV;d3:msl31:RSV;d3:msl32:RSV;d3:msl33:RSV;d3:msl34:RSV;d3:msl35:RSV;d3:msl36:RSV;d3:msl37:RSV;d3:msl38:RSV;d3:msl39:RSV;d3:msl40:RSV;d3:msl41:RSV;factorial:a_msl41content_currenttax:RSV;factorial:b_msl41plus1_msl41tax:RSV;factorial:c_msl41_rebuild_2threads:RSV;factorial:d_current_rebuild_2threads:RSV;fixed:msl29:RSV;fixed:msl30:RSV;fixed:msl31:RSV;fixed:msl32:RSV;fixed:msl33:RSV;fixed:msl34:RSV;fixed:msl35:RSV;fixed:msl36:RSV;fixed:msl37:RSV;fixed:msl38:RSV;fixed:msl39:RSV;fixed:msl40:RSV;fixed:msl41:RSV;prebuilt:20201202:RSV;prebuilt:20210517:RSV;prebuilt:20220607:RSV;prebuilt:20220908:RSV;prebuilt:20221209:RSV;prebuilt:20230314:RSV;prebuilt:20230605:RSV;prebuilt:20231009:RSV;prebuilt:20240112:RSV;prebuilt:20240605:RSV;prebuilt:20240904:RSV;prebuilt:20241228:RSV;prebuilt:20250402:RSV;prebuilt:20250714:RSV;prebuilt:20251015:RSV;prebuilt:20260226:RSV;prebuilt:20260626:RSV
SRR26352202	SRR26352202.301209	RSV 1e1	9	none	13	100.0/100/0	100.0/100/0	100.0/100/0	100.0/100/0	current:current:MRV;d3:msl36:MRV;d3:msl37:MRV;d3:msl38:MRV;d3:msl39:MRV;d3:msl40:MRV;d3:msl41:MRV;factorial:b_msl41plus1_msl41tax:MRV;factorial:d_current_rebuild_2threads:MRV
SRR26352202	SRR26352202.768997	RSV 1e1	9	none	13	100.0/100/0	100.0/100/0	100.0/100/0	100.0/100/0	current:current:MRV;d3:msl36:MRV;d3:msl37:MRV;d3:msl38:MRV;d3:msl39:MRV;d3:msl40:MRV;d3:msl41:MRV;factorial:b_msl41plus1_msl41tax:MRV;factorial:d_current_rebuild_2threads:MRV
SRR26352202	SRR26352202.822623	RSV 1e1	9	none	12	100.0/100/0	99.0/98/1	97.0/100/3	97.9/98/2	current:current:MRV;d3:msl36:MRV;d3:msl37:MRV;d3:msl38:MRV;d3:msl39:MRV;d3:msl40:MRV;d3:msl41:MRV;factorial:b_msl41plus1_msl41tax:MRV;factorial:d_current_rebuild_2threads:MRV
SRR26352203	SRR26352203.1368676	RSV 1e2	61	none	12	100.0/100/0	100.0/93/0	100.0/100/0	98.9/93/1	current:current:MRV;d1:msl29:MRV;d1:msl30:MRV;d1:msl31:MRV;d1:msl32:MRV;d1:msl33:MRV;d1:msl34:MRV;d1:msl35:MRV;d1:msl36:MRV;d1:msl37:MRV;d1:msl38:MRV;d1:msl39:MRV;d1:msl40:MRV;d1:msl41:MRV;d3:msl29:MRV;d3:msl30:MRV;d3:msl31:MRV;d3:msl32:MRV;d3:msl33:MRV;d3:msl34:MRV;d3:msl35:MRV;d3:msl36:MRV;d3:msl37:MRV;d3:msl38:MRV;d3:msl39:MRV;d3:msl40:MRV;d3:msl41:MRV;factorial:a_msl41content_currenttax:MRV;factorial:b_msl41plus1_msl41tax:MRV;factorial:c_msl41_rebuild_2threads:MRV;factorial:d_current_rebuild_2threads:MRV;fixed:msl29:MRV;fixed:msl30:MRV;fixed:msl31:MRV;fixed:msl32:MRV;fixed:msl33:MRV;fixed:msl34:MRV;fixed:msl35:MRV;fixed:msl36:MRV;fixed:msl37:MRV;fixed:msl38:MRV;fixed:msl39:MRV;fixed:msl40:MRV;fixed:msl41:MRV;prebuilt:20201202:MRV;prebuilt:20210517:MRV;prebuilt:20220607:MRV;prebuilt:20220908:MRV;prebuilt:20221209:MRV;prebuilt:20230314:MRV;prebuilt:20230605:MRV;prebuilt:20231009:MRV;prebuilt:20240112:MRV;prebuilt:20240605:MRV;prebuilt:20240904:MRV;prebuilt:20241228:MRV;prebuilt:20250402:MRV;prebuilt:20250714:MRV;prebuilt:20251015:MRV;prebuilt:20260226:MRV;prebuilt:20260626:MRV
SRR26352203	SRR26352203.487547	RSV 1e2	9	none	13	100.0/100/0	100.0/100/0	100.0/100/0	100.0/100/0	current:current:MRV;d3:msl36:MRV;d3:msl37:MRV;d3:msl38:MRV;d3:msl39:MRV;d3:msl40:MRV;d3:msl41:MRV;factorial:b_msl41plus1_msl41tax:MRV;factorial:d_current_rebuild_2threads:MRV
SRR26352203	SRR26352203.667804	RSV 1e2	9	none	13	100.0/89/0	100.0/87/0	100.0/89/0	100.0/87/0	current:current:MRV;d3:msl36:MRV;d3:msl37:MRV;d3:msl38:MRV;d3:msl39:MRV;d3:msl40:MRV;d3:msl41:MRV;factorial:b_msl41plus1_msl41tax:MRV;factorial:d_current_rebuild_2threads:MRV
SRR26352203	SRR26352203.766237	RSV 1e2	9	none	13	100.0/100/0	100.0/100/0	99.0/100/1	99.0/100/1	current:current:MRV;d3:msl36:MRV;d3:msl37:MRV;d3:msl38:MRV;d3:msl39:MRV;d3:msl40:MRV;d3:msl41:MRV;factorial:b_msl41plus1_msl41tax:MRV;factorial:d_current_rebuild_2threads:MRV
SRR26352203	SRR26352203.816228	RSV 1e2	9	none	13	100.0/100/0	98.0/100/2	100.0/100/0	98.0/100/2	current:current:MRV;d3:msl36:MRV;d3:msl37:MRV;d3:msl38:MRV;d3:msl39:MRV;d3:msl40:MRV;d3:msl41:MRV;factorial:b_msl41plus1_msl41tax:MRV;factorial:d_current_rebuild_2threads:MRV
SRR26352203	SRR26352203.822246	RSV 1e2	9	none	13	99.0/100/1	99.0/100/1	99.0/100/1	99.0/100/1	current:current:MRV;d3:msl36:MRV;d3:msl37:MRV;d3:msl38:MRV;d3:msl39:MRV;d3:msl40:MRV;d3:msl41:MRV;factorial:b_msl41plus1_msl41tax:MRV;factorial:d_current_rebuild_2threads:MRV
SRR26352204	SRR26352204.1043163	RSV 1e5	9	none	13	100.0/100/0	100.0/100/0	99.0/100/1	100.0/100/0	current:current:MRV;d3:msl36:MRV;d3:msl37:MRV;d3:msl38:MRV;d3:msl39:MRV;d3:msl40:MRV;d3:msl41:MRV;factorial:b_msl41plus1_msl41tax:MRV;factorial:d_current_rebuild_2threads:MRV
SRR26352204	SRR26352204.449223	RSV 1e5	35	none	25	100.0/100/0	100.0/100/0	100.0/100/0	100.0/100/0	current:current:RSV;d3:msl29:RSV;d3:msl30:RSV;d3:msl31:RSV;d3:msl32:RSV;d3:msl33:RSV;d3:msl34:RSV;d3:msl35:RSV;d3:msl36:RSV;d3:msl37:RSV;d3:msl38:RSV;d3:msl39:RSV;d3:msl40:RSV;d3:msl41:RSV;factorial:a_msl41content_currenttax:RSV;factorial:b_msl41plus1_msl41tax:RSV;factorial:c_msl41_rebuild_2threads:RSV;factorial:d_current_rebuild_2threads:RSV;prebuilt:20201202:RSV;prebuilt:20210517:RSV;prebuilt:20220607:RSV;prebuilt:20220908:RSV;prebuilt:20221209:RSV;prebuilt:20230314:RSV;prebuilt:20230605:RSV;prebuilt:20231009:RSV;prebuilt:20240112:RSV;prebuilt:20240605:RSV;prebuilt:20240904:RSV;prebuilt:20241228:RSV;prebuilt:20250402:RSV;prebuilt:20250714:RSV;prebuilt:20251015:RSV;prebuilt:20260226:RSV;prebuilt:20260626:RSV
SRR26352204	SRR26352204.546736	RSV 1e5	9	none	13	99.0/96/1	99.0/98/1	99.0/96/1	99.0/98/1	current:current:MRV;d3:msl36:MRV;d3:msl37:MRV;d3:msl38:MRV;d3:msl39:MRV;d3:msl40:MRV;d3:msl41:MRV;factorial:b_msl41plus1_msl41tax:MRV;factorial:d_current_rebuild_2threads:MRV
SRR26352204	SRR26352204.917566	RSV 1e5	9	none	13	100.0/100/0	100.0/100/0	100.0/100/0	100.0/100/0	current:current:MRV;d3:msl36:MRV;d3:msl37:MRV;d3:msl38:MRV;d3:msl39:MRV;d3:msl40:MRV;d3:msl41:MRV;factorial:b_msl41plus1_msl41tax:MRV;factorial:d_current_rebuild_2threads:MRV
SRR26352204	SRR26352204.951633	RSV 1e5	9	none	13	100.0/100/0	100.0/93/0	100.0/100/0	100.0/93/0	current:current:MRV;d3:msl36:MRV;d3:msl37:MRV;d3:msl38:MRV;d3:msl39:MRV;d3:msl40:MRV;d3:msl41:MRV;factorial:b_msl41plus1_msl41tax:MRV;factorial:d_current_rebuild_2threads:MRV
SRR26352205	SRR26352205.1841327	RSV 1e3	1	none	11	98.0/100/2	97.0/100/3	99.0/100/1	99.0/100/1	d1:msl35:MRV
SRR26352205	SRR26352205.240982	RSV 1e3	1	none	11	99.0/100/1	99.0/100/1	99.0/100/1	99.0/100/1	prebuilt:20251015:RSV
SRR26352205	SRR26352205.412350	RSV 1e3	9	none	14	100.0/100/0	100.0/100/0	100.0/100/0	100.0/100/0	current:current:MRV;d3:msl36:MRV;d3:msl37:MRV;d3:msl38:MRV;d3:msl39:MRV;d3:msl40:MRV;d3:msl41:MRV;factorial:b_msl41plus1_msl41tax:MRV;factorial:d_current_rebuild_2threads:MRV
SRR26352205	SRR26352205.533638	RSV 1e3	9	none	12	98.0/100/2	98.0/100/2	100.0/100/0	100.0/100/0	current:current:MRV;d3:msl36:MRV;d3:msl37:MRV;d3:msl38:MRV;d3:msl39:MRV;d3:msl40:MRV;d3:msl41:MRV;factorial:b_msl41plus1_msl41tax:MRV;factorial:d_current_rebuild_2threads:MRV
SRR26352205	SRR26352205.949940	RSV 1e3	61	none	17	96.0/100/4	98.9/95/1	96.0/100/4	100.0/95/0	current:current:RSV;d1:msl29:RSV;d1:msl30:RSV;d1:msl31:RSV;d1:msl32:RSV;d1:msl33:RSV;d1:msl34:RSV;d1:msl35:RSV;d1:msl36:RSV;d1:msl37:RSV;d1:msl38:RSV;d1:msl39:RSV;d1:msl40:RSV;d1:msl41:RSV;d3:msl29:RSV;d3:msl30:RSV;d3:msl31:RSV;d3:msl32:RSV;d3:msl33:RSV;d3:msl34:RSV;d3:msl35:RSV;d3:msl36:RSV;d3:msl37:RSV;d3:msl38:RSV;d3:msl39:RSV;d3:msl40:RSV;d3:msl41:RSV;factorial:a_msl41content_currenttax:RSV;factorial:b_msl41plus1_msl41tax:RSV;factorial:c_msl41_rebuild_2threads:RSV;factorial:d_current_rebuild_2threads:RSV;fixed:msl29:RSV;fixed:msl30:RSV;fixed:msl31:RSV;fixed:msl32:RSV;fixed:msl33:RSV;fixed:msl34:RSV;fixed:msl35:RSV;fixed:msl36:RSV;fixed:msl37:RSV;fixed:msl38:RSV;fixed:msl39:RSV;fixed:msl40:RSV;fixed:msl41:RSV;prebuilt:20201202:RSV;prebuilt:20210517:RSV;prebuilt:20220607:RSV;prebuilt:20220908:RSV;prebuilt:20221209:RSV;prebuilt:20230314:RSV;prebuilt:20230605:RSV;prebuilt:20231009:RSV;prebuilt:20240112:RSV;prebuilt:20240605:RSV;prebuilt:20240904:RSV;prebuilt:20241228:RSV;prebuilt:20250402:RSV;prebuilt:20250714:RSV;prebuilt:20251015:RSV;prebuilt:20260226:RSV;prebuilt:20260626:RSV
SRR26352206	SRR26352206.1039947	RSV 1e6	9	none	12	97.6/85/2	97.6/84/2	97.6/85/2	97.6/84/2	current:current:MRV;d3:msl36:MRV;d3:msl37:MRV;d3:msl38:MRV;d3:msl39:MRV;d3:msl40:MRV;d3:msl41:MRV;factorial:b_msl41plus1_msl41tax:MRV;factorial:d_current_rebuild_2threads:MRV
SRR26352206	SRR26352206.1051619	RSV 1e6	61	NC_038235.1 88.0% over 100 nt (NC_038235.1 taxid=11250 Human respiratory syncytial virus is)	11	-	-	-	-	current:current:RSV;d1:msl29:RSV;d1:msl30:RSV;d1:msl31:RSV;d1:msl32:RSV;d1:msl33:RSV;d1:msl34:RSV;d1:msl35:RSV;d1:msl36:RSV;d1:msl37:RSV;d1:msl38:RSV;d1:msl39:RSV;d1:msl40:RSV;d1:msl41:RSV;d3:msl29:RSV;d3:msl30:RSV;d3:msl31:RSV;d3:msl32:RSV;d3:msl33:RSV;d3:msl34:RSV;d3:msl35:RSV;d3:msl36:RSV;d3:msl37:RSV;d3:msl38:RSV;d3:msl39:RSV;d3:msl40:RSV;d3:msl41:RSV;factorial:a_msl41content_currenttax:RSV;factorial:b_msl41plus1_msl41tax:RSV;factorial:c_msl41_rebuild_2threads:RSV;factorial:d_current_rebuild_2threads:RSV;fixed:msl29:RSV;fixed:msl30:RSV;fixed:msl31:RSV;fixed:msl32:RSV;fixed:msl33:RSV;fixed:msl34:RSV;fixed:msl35:RSV;fixed:msl36:RSV;fixed:msl37:RSV;fixed:msl38:RSV;fixed:msl39:RSV;fixed:msl40:RSV;fixed:msl41:RSV;prebuilt:20201202:RSV;prebuilt:20210517:RSV;prebuilt:20220607:RSV;prebuilt:20220908:RSV;prebuilt:20221209:RSV;prebuilt:20230314:RSV;prebuilt:20230605:RSV;prebuilt:20231009:RSV;prebuilt:20240112:RSV;prebuilt:20240605:RSV;prebuilt:20240904:RSV;prebuilt:20241228:RSV;prebuilt:20250402:RSV;prebuilt:20250714:RSV;prebuilt:20251015:RSV;prebuilt:20260226:RSV;prebuilt:20260626:RSV
SRR26352206	SRR26352206.1101287	RSV 1e6	61	NC_038235.1 100.0% over 100 nt (NC_038235.1 taxid=11250 Human respiratory syncytial virus is)	100	-	-	-	-	current:current:RSV;d1:msl29:RSV;d1:msl30:RSV;d1:msl31:RSV;d1:msl32:RSV;d1:msl33:RSV;d1:msl34:RSV;d1:msl35:RSV;d1:msl36:RSV;d1:msl37:RSV;d1:msl38:RSV;d1:msl39:RSV;d1:msl40:RSV;d1:msl41:RSV;d3:msl29:RSV;d3:msl30:RSV;d3:msl31:RSV;d3:msl32:RSV;d3:msl33:RSV;d3:msl34:RSV;d3:msl35:RSV;d3:msl36:RSV;d3:msl37:RSV;d3:msl38:RSV;d3:msl39:RSV;d3:msl40:RSV;d3:msl41:RSV;factorial:a_msl41content_currenttax:RSV;factorial:b_msl41plus1_msl41tax:RSV;factorial:c_msl41_rebuild_2threads:RSV;factorial:d_current_rebuild_2threads:RSV;fixed:msl29:RSV;fixed:msl30:RSV;fixed:msl31:RSV;fixed:msl32:RSV;fixed:msl33:RSV;fixed:msl34:RSV;fixed:msl35:RSV;fixed:msl36:RSV;fixed:msl37:RSV;fixed:msl38:RSV;fixed:msl39:RSV;fixed:msl40:RSV;fixed:msl41:RSV;prebuilt:20201202:RSV;prebuilt:20210517:RSV;prebuilt:20220607:RSV;prebuilt:20220908:RSV;prebuilt:20221209:RSV;prebuilt:20230314:RSV;prebuilt:20230605:RSV;prebuilt:20231009:RSV;prebuilt:20240112:RSV;prebuilt:20240605:RSV;prebuilt:20240904:RSV;prebuilt:20241228:RSV;prebuilt:20250402:RSV;prebuilt:20250714:RSV;prebuilt:20251015:RSV;prebuilt:20260226:RSV;prebuilt:20260626:RSV
SRR26352206	SRR26352206.1105961	RSV 1e6	9	none	13	100.0/100/0	100.0/100/0	100.0/100/0	99.0/100/1	current:current:MRV;d3:msl36:MRV;d3:msl37:MRV;d3:msl38:MRV;d3:msl39:MRV;d3:msl40:MRV;d3:msl41:MRV;factorial:b_msl41plus1_msl41tax:MRV;factorial:d_current_rebuild_2threads:MRV
SRR26352206	SRR26352206.1106640	RSV 1e6	61	NC_038235.1 100.0% over 100 nt (NC_038235.1 taxid=11250 Human respiratory syncytial virus is)	100	-	-	-	-	current:current:RSV;d1:msl29:RSV;d1:msl30:RSV;d1:msl31:RSV;d1:msl32:RSV;d1:msl33:RSV;d1:msl34:RSV;d1:msl35:RSV;d1:msl36:RSV;d1:msl37:RSV;d1:msl38:RSV;d1:msl39:RSV;d1:msl40:RSV;d1:msl41:RSV;d3:msl29:RSV;d3:msl30:RSV;d3:msl31:RSV;d3:msl32:RSV;d3:msl33:RSV;d3:msl34:RSV;d3:msl35:RSV;d3:msl36:RSV;d3:msl37:RSV;d3:msl38:RSV;d3:msl39:RSV;d3:msl40:RSV;d3:msl41:RSV;factorial:a_msl41content_currenttax:RSV;factorial:b_msl41plus1_msl41tax:RSV;factorial:c_msl41_rebuild_2threads:RSV;factorial:d_current_rebuild_2threads:RSV;fixed:msl29:RSV;fixed:msl30:RSV;fixed:msl31:RSV;fixed:msl32:RSV;fixed:msl33:RSV;fixed:msl34:RSV;fixed:msl35:RSV;fixed:msl36:RSV;fixed:msl37:RSV;fixed:msl38:RSV;fixed:msl39:RSV;fixed:msl40:RSV;fixed:msl41:RSV;prebuilt:20201202:RSV;prebuilt:20210517:RSV;prebuilt:20220607:RSV;prebuilt:20220908:RSV;prebuilt:20221209:RSV;prebuilt:20230314:RSV;prebuilt:20230605:RSV;prebuilt:20231009:RSV;prebuilt:20240112:RSV;prebuilt:20240605:RSV;prebuilt:20240904:RSV;prebuilt:20241228:RSV;prebuilt:20250402:RSV;prebuilt:20250714:RSV;prebuilt:20251015:RSV;prebuilt:20260226:RSV;prebuilt:20260626:RSV
SRR26352206	SRR26352206.1122897	RSV 1e6	61	NC_038235.1 100.0% over 100 nt (NC_038235.1 taxid=11250 Human respiratory syncytial virus is)	100	-	-	-	-	current:current:RSV;d1:msl29:RSV;d1:msl30:RSV;d1:msl31:RSV;d1:msl32:RSV;d1:msl33:RSV;d1:msl34:RSV;d1:msl35:RSV;d1:msl36:RSV;d1:msl37:RSV;d1:msl38:RSV;d1:msl39:RSV;d1:msl40:RSV;d1:msl41:RSV;d3:msl29:RSV;d3:msl30:RSV;d3:msl31:RSV;d3:msl32:RSV;d3:msl33:RSV;d3:msl34:RSV;d3:msl35:RSV;d3:msl36:RSV;d3:msl37:RSV;d3:msl38:RSV;d3:msl39:RSV;d3:msl40:RSV;d3:msl41:RSV;factorial:a_msl41content_currenttax:RSV;factorial:b_msl41plus1_msl41tax:RSV;factorial:c_msl41_rebuild_2threads:RSV;factorial:d_current_rebuild_2threads:RSV;fixed:msl29:RSV;fixed:msl30:RSV;fixed:msl31:RSV;fixed:msl32:RSV;fixed:msl33:RSV;fixed:msl34:RSV;fixed:msl35:RSV;fixed:msl36:RSV;fixed:msl37:RSV;fixed:msl38:RSV;fixed:msl39:RSV;fixed:msl40:RSV;fixed:msl41:RSV;prebuilt:20201202:RSV;prebuilt:20210517:RSV;prebuilt:20220607:RSV;prebuilt:20220908:RSV;prebuilt:20221209:RSV;prebuilt:20230314:RSV;prebuilt:20230605:RSV;prebuilt:20231009:RSV;prebuilt:20240112:RSV;prebuilt:20240605:RSV;prebuilt:20240904:RSV;prebuilt:20241228:RSV;prebuilt:20250402:RSV;prebuilt:20250714:RSV;prebuilt:20251015:RSV;prebuilt:20260226:RSV;prebuilt:20260626:RSV
SRR26352206	SRR26352206.1124328	RSV 1e6	9	none	13	100.0/100/0	100.0/100/0	100.0/100/0	100.0/100/0	current:current:MRV;d3:msl36:MRV;d3:msl37:MRV;d3:msl38:MRV;d3:msl39:MRV;d3:msl40:MRV;d3:msl41:MRV;factorial:b_msl41plus1_msl41tax:MRV;factorial:d_current_rebuild_2threads:MRV
SRR26352206	SRR26352206.1193062	RSV 1e6	9	none	13	100.0/100/0	100.0/100/0	100.0/100/0	100.0/100/0	current:current:MRV;d3:msl36:MRV;d3:msl37:MRV;d3:msl38:MRV;d3:msl39:MRV;d3:msl40:MRV;d3:msl41:MRV;factorial:b_msl41plus1_msl41tax:MRV;factorial:d_current_rebuild_2threads:MRV
SRR26352206	SRR26352206.1306350	RSV 1e6	61	NC_038235.1 100.0% over 100 nt (NC_038235.1 taxid=11250 Human respiratory syncytial virus is)	100	-	-	-	-	current:current:RSV;d1:msl29:RSV;d1:msl30:RSV;d1:msl31:RSV;d1:msl32:RSV;d1:msl33:RSV;d1:msl34:RSV;d1:msl35:RSV;d1:msl36:RSV;d1:msl37:RSV;d1:msl38:RSV;d1:msl39:RSV;d1:msl40:RSV;d1:msl41:RSV;d3:msl29:RSV;d3:msl30:RSV;d3:msl31:RSV;d3:msl32:RSV;d3:msl33:RSV;d3:msl34:RSV;d3:msl35:RSV;d3:msl36:RSV;d3:msl37:RSV;d3:msl38:RSV;d3:msl39:RSV;d3:msl40:RSV;d3:msl41:RSV;factorial:a_msl41content_currenttax:RSV;factorial:b_msl41plus1_msl41tax:RSV;factorial:c_msl41_rebuild_2threads:RSV;factorial:d_current_rebuild_2threads:RSV;fixed:msl29:RSV;fixed:msl30:RSV;fixed:msl31:RSV;fixed:msl32:RSV;fixed:msl33:RSV;fixed:msl34:RSV;fixed:msl35:RSV;fixed:msl36:RSV;fixed:msl37:RSV;fixed:msl38:RSV;fixed:msl39:RSV;fixed:msl40:RSV;fixed:msl41:RSV;prebuilt:20201202:RSV;prebuilt:20210517:RSV;prebuilt:20220607:RSV;prebuilt:20220908:RSV;prebuilt:20221209:RSV;prebuilt:20230314:RSV;prebuilt:20230605:RSV;prebuilt:20231009:RSV;prebuilt:20240112:RSV;prebuilt:20240605:RSV;prebuilt:20240904:RSV;prebuilt:20241228:RSV;prebuilt:20250402:RSV;prebuilt:20250714:RSV;prebuilt:20251015:RSV;prebuilt:20260226:RSV;prebuilt:20260626:RSV
SRR26352206	SRR26352206.1341633	RSV 1e6	51	NC_001803.1 98.0% over 98 nt (NC_001803.1 taxid=208893 Human respiratory syncytial virus A)	13	-	-	-	-	current:current:RSV;d1:msl29:RSV;d1:msl30:RSV;d1:msl31:RSV;d1:msl32:RSV;d1:msl33:RSV;d1:msl34:RSV;d1:msl35:RSV;d1:msl36:RSV;d1:msl37:RSV;d1:msl38:RSV;d1:msl39:RSV;d1:msl40:RSV;d1:msl41:RSV;d3:msl29:RSV;d3:msl30:RSV;d3:msl31:RSV;d3:msl32:RSV;d3:msl33:RSV;d3:msl34:RSV;d3:msl35:RSV;d3:msl36:RSV;d3:msl37:RSV;d3:msl38:RSV;d3:msl39:RSV;d3:msl40:RSV;d3:msl41:RSV;factorial:a_msl41content_currenttax:RSV;factorial:b_msl41plus1_msl41tax:RSV;factorial:c_msl41_rebuild_2threads:RSV;factorial:d_current_rebuild_2threads:RSV;fixed:msl29:RSV;fixed:msl30:RSV;fixed:msl31:RSV;fixed:msl32:RSV;fixed:msl33:RSV;fixed:msl34:RSV;fixed:msl35:RSV;fixed:msl36:RSV;fixed:msl37:RSV;fixed:msl38:RSV;fixed:msl39:RSV;fixed:msl40:RSV;fixed:msl41:RSV;prebuilt:20240904:RSV;prebuilt:20241228:RSV;prebuilt:20250402:RSV;prebuilt:20250714:RSV;prebuilt:20251015:RSV;prebuilt:20260226:RSV;prebuilt:20260626:RSV
SRR26352206	SRR26352206.1426138	RSV 1e6	61	NC_038235.1 100.0% over 100 nt (NC_038235.1 taxid=11250 Human respiratory syncytial virus is)	100	-	-	-	-	current:current:RSV;d1:msl29:RSV;d1:msl30:RSV;d1:msl31:RSV;d1:msl32:RSV;d1:msl33:RSV;d1:msl34:RSV;d1:msl35:RSV;d1:msl36:RSV;d1:msl37:RSV;d1:msl38:RSV;d1:msl39:RSV;d1:msl40:RSV;d1:msl41:RSV;d3:msl29:RSV;d3:msl30:RSV;d3:msl31:RSV;d3:msl32:RSV;d3:msl33:RSV;d3:msl34:RSV;d3:msl35:RSV;d3:msl36:RSV;d3:msl37:RSV;d3:msl38:RSV;d3:msl39:RSV;d3:msl40:RSV;d3:msl41:RSV;factorial:a_msl41content_currenttax:RSV;factorial:b_msl41plus1_msl41tax:RSV;factorial:c_msl41_rebuild_2threads:RSV;factorial:d_current_rebuild_2threads:RSV;fixed:msl29:RSV;fixed:msl30:RSV;fixed:msl31:RSV;fixed:msl32:RSV;fixed:msl33:RSV;fixed:msl34:RSV;fixed:msl35:RSV;fixed:msl36:RSV;fixed:msl37:RSV;fixed:msl38:RSV;fixed:msl39:RSV;fixed:msl40:RSV;fixed:msl41:RSV;prebuilt:20201202:RSV;prebuilt:20210517:RSV;prebuilt:20220607:RSV;prebuilt:20220908:RSV;prebuilt:20221209:RSV;prebuilt:20230314:RSV;prebuilt:20230605:RSV;prebuilt:20231009:RSV;prebuilt:20240112:RSV;prebuilt:20240605:RSV;prebuilt:20240904:RSV;prebuilt:20241228:RSV;prebuilt:20250402:RSV;prebuilt:20250714:RSV;prebuilt:20251015:RSV;prebuilt:20260226:RSV;prebuilt:20260626:RSV
SRR26352206	SRR26352206.1510282	RSV 1e6	9	none	13	100.0/100/0	100.0/100/0	100.0/100/0	100.0/100/0	current:current:MRV;d3:msl36:MRV;d3:msl37:MRV;d3:msl38:MRV;d3:msl39:MRV;d3:msl40:MRV;d3:msl41:MRV;factorial:b_msl41plus1_msl41tax:MRV;factorial:d_current_rebuild_2threads:MRV
SRR26352206	SRR26352206.1608596	RSV 1e6	61	NC_038235.1 100.0% over 100 nt (NC_038235.1 taxid=11250 Human respiratory syncytial virus is)	100	-	-	-	-	current:current:RSV;d1:msl29:RSV;d1:msl30:RSV;d1:msl31:RSV;d1:msl32:RSV;d1:msl33:RSV;d1:msl34:RSV;d1:msl35:RSV;d1:msl36:RSV;d1:msl37:RSV;d1:msl38:RSV;d1:msl39:RSV;d1:msl40:RSV;d1:msl41:RSV;d3:msl29:RSV;d3:msl30:RSV;d3:msl31:RSV;d3:msl32:RSV;d3:msl33:RSV;d3:msl34:RSV;d3:msl35:RSV;d3:msl36:RSV;d3:msl37:RSV;d3:msl38:RSV;d3:msl39:RSV;d3:msl40:RSV;d3:msl41:RSV;factorial:a_msl41content_currenttax:RSV;factorial:b_msl41plus1_msl41tax:RSV;factorial:c_msl41_rebuild_2threads:RSV;factorial:d_current_rebuild_2threads:RSV;fixed:msl29:RSV;fixed:msl30:RSV;fixed:msl31:RSV;fixed:msl32:RSV;fixed:msl33:RSV;fixed:msl34:RSV;fixed:msl35:RSV;fixed:msl36:RSV;fixed:msl37:RSV;fixed:msl38:RSV;fixed:msl39:RSV;fixed:msl40:RSV;fixed:msl41:RSV;prebuilt:20201202:RSV;prebuilt:20210517:RSV;prebuilt:20220607:RSV;prebuilt:20220908:RSV;prebuilt:20221209:RSV;prebuilt:20230314:RSV;prebuilt:20230605:RSV;prebuilt:20231009:RSV;prebuilt:20240112:RSV;prebuilt:20240605:RSV;prebuilt:20240904:RSV;prebuilt:20241228:RSV;prebuilt:20250402:RSV;prebuilt:20250714:RSV;prebuilt:20251015:RSV;prebuilt:20260226:RSV;prebuilt:20260626:RSV
SRR26352206	SRR26352206.1654841	RSV 1e6	1	none	11	100.0/81/0	100.0/100/0	100.0/81/0	100.0/100/0	prebuilt:20250714:MRV
SRR26352206	SRR26352206.1688946	RSV 1e6	9	none	13	100.0/100/0	100.0/100/0	99.0/100/1	99.0/100/1	current:current:MRV;d3:msl36:MRV;d3:msl37:MRV;d3:msl38:MRV;d3:msl39:MRV;d3:msl40:MRV;d3:msl41:MRV;factorial:b_msl41plus1_msl41tax:MRV;factorial:d_current_rebuild_2threads:MRV
SRR26352206	SRR26352206.1807054	RSV 1e6	1	none	15	98.0/100/2	98.0/100/2	100.0/100/0	100.0/100/0	d1:msl30:RSV
SRR26352206	SRR26352206.1886785	RSV 1e6	61	NC_038235.1 98.0% over 100 nt (NC_038235.1 taxid=11250 Human respiratory syncytial virus is)	93	-	-	-	-	current:current:RSV;d1:msl29:RSV;d1:msl30:RSV;d1:msl31:RSV;d1:msl32:RSV;d1:msl33:RSV;d1:msl34:RSV;d1:msl35:RSV;d1:msl36:RSV;d1:msl37:RSV;d1:msl38:RSV;d1:msl39:RSV;d1:msl40:RSV;d1:msl41:RSV;d3:msl29:RSV;d3:msl30:RSV;d3:msl31:RSV;d3:msl32:RSV;d3:msl33:RSV;d3:msl34:RSV;d3:msl35:RSV;d3:msl36:RSV;d3:msl37:RSV;d3:msl38:RSV;d3:msl39:RSV;d3:msl40:RSV;d3:msl41:RSV;factorial:a_msl41content_currenttax:RSV;factorial:b_msl41plus1_msl41tax:RSV;factorial:c_msl41_rebuild_2threads:RSV;factorial:d_current_rebuild_2threads:RSV;fixed:msl29:RSV;fixed:msl30:RSV;fixed:msl31:RSV;fixed:msl32:RSV;fixed:msl33:RSV;fixed:msl34:RSV;fixed:msl35:RSV;fixed:msl36:RSV;fixed:msl37:RSV;fixed:msl38:RSV;fixed:msl39:RSV;fixed:msl40:RSV;fixed:msl41:RSV;prebuilt:20201202:RSV;prebuilt:20210517:RSV;prebuilt:20220607:RSV;prebuilt:20220908:RSV;prebuilt:20221209:RSV;prebuilt:20230314:RSV;prebuilt:20230605:RSV;prebuilt:20231009:RSV;prebuilt:20240112:RSV;prebuilt:20240605:RSV;prebuilt:20240904:RSV;prebuilt:20241228:RSV;prebuilt:20250402:RSV;prebuilt:20250714:RSV;prebuilt:20251015:RSV;prebuilt:20260226:RSV;prebuilt:20260626:RSV
SRR26352206	SRR26352206.209173	RSV 1e6	61	NC_038235.1 100.0% over 100 nt (NC_038235.1 taxid=11250 Human respiratory syncytial virus is)	100	-	-	-	-	current:current:RSV;d1:msl29:RSV;d1:msl30:RSV;d1:msl31:RSV;d1:msl32:RSV;d1:msl33:RSV;d1:msl34:RSV;d1:msl35:RSV;d1:msl36:RSV;d1:msl37:RSV;d1:msl38:RSV;d1:msl39:RSV;d1:msl40:RSV;d1:msl41:RSV;d3:msl29:RSV;d3:msl30:RSV;d3:msl31:RSV;d3:msl32:RSV;d3:msl33:RSV;d3:msl34:RSV;d3:msl35:RSV;d3:msl36:RSV;d3:msl37:RSV;d3:msl38:RSV;d3:msl39:RSV;d3:msl40:RSV;d3:msl41:RSV;factorial:a_msl41content_currenttax:RSV;factorial:b_msl41plus1_msl41tax:RSV;factorial:c_msl41_rebuild_2threads:RSV;factorial:d_current_rebuild_2threads:RSV;fixed:msl29:RSV;fixed:msl30:RSV;fixed:msl31:RSV;fixed:msl32:RSV;fixed:msl33:RSV;fixed:msl34:RSV;fixed:msl35:RSV;fixed:msl36:RSV;fixed:msl37:RSV;fixed:msl38:RSV;fixed:msl39:RSV;fixed:msl40:RSV;fixed:msl41:RSV;prebuilt:20201202:RSV;prebuilt:20210517:RSV;prebuilt:20220607:RSV;prebuilt:20220908:RSV;prebuilt:20221209:RSV;prebuilt:20230314:RSV;prebuilt:20230605:RSV;prebuilt:20231009:RSV;prebuilt:20240112:RSV;prebuilt:20240605:RSV;prebuilt:20240904:RSV;prebuilt:20241228:RSV;prebuilt:20250402:RSV;prebuilt:20250714:RSV;prebuilt:20251015:RSV;prebuilt:20260226:RSV;prebuilt:20260626:RSV
SRR26352206	SRR26352206.21718	RSV 1e6	61	NC_038235.1 99.0% over 100 nt (NC_038235.1 taxid=11250 Human respiratory syncytial virus is)	12	-	-	-	-	current:current:RSV;d1:msl29:RSV;d1:msl30:RSV;d1:msl31:RSV;d1:msl32:RSV;d1:msl33:RSV;d1:msl34:RSV;d1:msl35:RSV;d1:msl36:RSV;d1:msl37:RSV;d1:msl38:RSV;d1:msl39:RSV;d1:msl40:RSV;d1:msl41:RSV;d3:msl29:RSV;d3:msl30:RSV;d3:msl31:RSV;d3:msl32:RSV;d3:msl33:RSV;d3:msl34:RSV;d3:msl35:RSV;d3:msl36:RSV;d3:msl37:RSV;d3:msl38:RSV;d3:msl39:RSV;d3:msl40:RSV;d3:msl41:RSV;factorial:a_msl41content_currenttax:RSV;factorial:b_msl41plus1_msl41tax:RSV;factorial:c_msl41_rebuild_2threads:RSV;factorial:d_current_rebuild_2threads:RSV;fixed:msl29:RSV;fixed:msl30:RSV;fixed:msl31:RSV;fixed:msl32:RSV;fixed:msl33:RSV;fixed:msl34:RSV;fixed:msl35:RSV;fixed:msl36:RSV;fixed:msl37:RSV;fixed:msl38:RSV;fixed:msl39:RSV;fixed:msl40:RSV;fixed:msl41:RSV;prebuilt:20201202:RSV;prebuilt:20210517:RSV;prebuilt:20220607:RSV;prebuilt:20220908:RSV;prebuilt:20221209:RSV;prebuilt:20230314:RSV;prebuilt:20230605:RSV;prebuilt:20231009:RSV;prebuilt:20240112:RSV;prebuilt:20240605:RSV;prebuilt:20240904:RSV;prebuilt:20241228:RSV;prebuilt:20250402:RSV;prebuilt:20250714:RSV;prebuilt:20251015:RSV;prebuilt:20260226:RSV;prebuilt:20260626:RSV
SRR26352206	SRR26352206.227606	RSV 1e6	61	NC_038235.1 100.0% over 100 nt (NC_038235.1 taxid=11250 Human respiratory syncytial virus is)	100	-	-	-	-	current:current:RSV;d1:msl29:RSV;d1:msl30:RSV;d1:msl31:RSV;d1:msl32:RSV;d1:msl33:RSV;d1:msl34:RSV;d1:msl35:RSV;d1:msl36:RSV;d1:msl37:RSV;d1:msl38:RSV;d1:msl39:RSV;d1:msl40:RSV;d1:msl41:RSV;d3:msl29:RSV;d3:msl30:RSV;d3:msl31:RSV;d3:msl32:RSV;d3:msl33:RSV;d3:msl34:RSV;d3:msl35:RSV;d3:msl36:RSV;d3:msl37:RSV;d3:msl38:RSV;d3:msl39:RSV;d3:msl40:RSV;d3:msl41:RSV;factorial:a_msl41content_currenttax:RSV;factorial:b_msl41plus1_msl41tax:RSV;factorial:c_msl41_rebuild_2threads:RSV;factorial:d_current_rebuild_2threads:RSV;fixed:msl29:RSV;fixed:msl30:RSV;fixed:msl31:RSV;fixed:msl32:RSV;fixed:msl33:RSV;fixed:msl34:RSV;fixed:msl35:RSV;fixed:msl36:RSV;fixed:msl37:RSV;fixed:msl38:RSV;fixed:msl39:RSV;fixed:msl40:RSV;fixed:msl41:RSV;prebuilt:20201202:RSV;prebuilt:20210517:RSV;prebuilt:20220607:RSV;prebuilt:20220908:RSV;prebuilt:20221209:RSV;prebuilt:20230314:RSV;prebuilt:20230605:RSV;prebuilt:20231009:RSV;prebuilt:20240112:RSV;prebuilt:20240605:RSV;prebuilt:20240904:RSV;prebuilt:20241228:RSV;prebuilt:20250402:RSV;prebuilt:20250714:RSV;prebuilt:20251015:RSV;prebuilt:20260226:RSV;prebuilt:20260626:RSV
SRR26352206	SRR26352206.489826	RSV 1e6	3	none	12	100.0/100/0	100.0/100/0	100.0/100/0	100.0/100/0	d1:msl41:RSV;factorial:a_msl41content_currenttax:RSV;factorial:c_msl41_rebuild_2threads:RSV
SRR26352206	SRR26352206.556627	RSV 1e6	1	none	13	98.0/100/2	98.0/100/2	100.0/100/0	100.0/100/0	prebuilt:20201202:RSV
SRR26352206	SRR26352206.612021	RSV 1e6	9	none	13	100.0/100/0	100.0/100/0	100.0/100/0	100.0/100/0	current:current:MRV;d3:msl36:MRV;d3:msl37:MRV;d3:msl38:MRV;d3:msl39:MRV;d3:msl40:MRV;d3:msl41:MRV;factorial:b_msl41plus1_msl41tax:MRV;factorial:d_current_rebuild_2threads:MRV
SRR26352206	SRR26352206.617050	RSV 1e6	61	NC_038235.1 100.0% over 100 nt (NC_038235.1 taxid=11250 Human respiratory syncytial virus is)	100	-	-	-	-	current:current:RSV;d1:msl29:RSV;d1:msl30:RSV;d1:msl31:RSV;d1:msl32:RSV;d1:msl33:RSV;d1:msl34:RSV;d1:msl35:RSV;d1:msl36:RSV;d1:msl37:RSV;d1:msl38:RSV;d1:msl39:RSV;d1:msl40:RSV;d1:msl41:RSV;d3:msl29:RSV;d3:msl30:RSV;d3:msl31:RSV;d3:msl32:RSV;d3:msl33:RSV;d3:msl34:RSV;d3:msl35:RSV;d3:msl36:RSV;d3:msl37:RSV;d3:msl38:RSV;d3:msl39:RSV;d3:msl40:RSV;d3:msl41:RSV;factorial:a_msl41content_currenttax:RSV;factorial:b_msl41plus1_msl41tax:RSV;factorial:c_msl41_rebuild_2threads:RSV;factorial:d_current_rebuild_2threads:RSV;fixed:msl29:RSV;fixed:msl30:RSV;fixed:msl31:RSV;fixed:msl32:RSV;fixed:msl33:RSV;fixed:msl34:RSV;fixed:msl35:RSV;fixed:msl36:RSV;fixed:msl37:RSV;fixed:msl38:RSV;fixed:msl39:RSV;fixed:msl40:RSV;fixed:msl41:RSV;prebuilt:20201202:RSV;prebuilt:20210517:RSV;prebuilt:20220607:RSV;prebuilt:20220908:RSV;prebuilt:20221209:RSV;prebuilt:20230314:RSV;prebuilt:20230605:RSV;prebuilt:20231009:RSV;prebuilt:20240112:RSV;prebuilt:20240605:RSV;prebuilt:20240904:RSV;prebuilt:20241228:RSV;prebuilt:20250402:RSV;prebuilt:20250714:RSV;prebuilt:20251015:RSV;prebuilt:20260226:RSV;prebuilt:20260626:RSV
SRR26352206	SRR26352206.725258	RSV 1e6	61	NC_038235.1 100.0% over 100 nt (NC_038235.1 taxid=11250 Human respiratory syncytial virus is)	100	-	-	-	-	current:current:RSV;d1:msl29:RSV;d1:msl30:RSV;d1:msl31:RSV;d1:msl32:RSV;d1:msl33:RSV;d1:msl34:RSV;d1:msl35:RSV;d1:msl36:RSV;d1:msl37:RSV;d1:msl38:RSV;d1:msl39:RSV;d1:msl40:RSV;d1:msl41:RSV;d3:msl29:RSV;d3:msl30:RSV;d3:msl31:RSV;d3:msl32:RSV;d3:msl33:RSV;d3:msl34:RSV;d3:msl35:RSV;d3:msl36:RSV;d3:msl37:RSV;d3:msl38:RSV;d3:msl39:RSV;d3:msl40:RSV;d3:msl41:RSV;factorial:a_msl41content_currenttax:RSV;factorial:b_msl41plus1_msl41tax:RSV;factorial:c_msl41_rebuild_2threads:RSV;factorial:d_current_rebuild_2threads:RSV;fixed:msl29:RSV;fixed:msl30:RSV;fixed:msl31:RSV;fixed:msl32:RSV;fixed:msl33:RSV;fixed:msl34:RSV;fixed:msl35:RSV;fixed:msl36:RSV;fixed:msl37:RSV;fixed:msl38:RSV;fixed:msl39:RSV;fixed:msl40:RSV;fixed:msl41:RSV;prebuilt:20201202:RSV;prebuilt:20210517:RSV;prebuilt:20220607:RSV;prebuilt:20220908:RSV;prebuilt:20221209:RSV;prebuilt:20230314:RSV;prebuilt:20230605:RSV;prebuilt:20231009:RSV;prebuilt:20240112:RSV;prebuilt:20240605:RSV;prebuilt:20240904:RSV;prebuilt:20241228:RSV;prebuilt:20250402:RSV;prebuilt:20250714:RSV;prebuilt:20251015:RSV;prebuilt:20260226:RSV;prebuilt:20260626:RSV
SRR26352206	SRR26352206.773743	RSV 1e6	61	NC_038235.1 100.0% over 100 nt (NC_038235.1 taxid=11250 Human respiratory syncytial virus is)	100	-	-	-	-	current:current:RSV;d1:msl29:RSV;d1:msl30:RSV;d1:msl31:RSV;d1:msl32:RSV;d1:msl33:RSV;d1:msl34:RSV;d1:msl35:RSV;d1:msl36:RSV;d1:msl37:RSV;d1:msl38:RSV;d1:msl39:RSV;d1:msl40:RSV;d1:msl41:RSV;d3:msl29:RSV;d3:msl30:RSV;d3:msl31:RSV;d3:msl32:RSV;d3:msl33:RSV;d3:msl34:RSV;d3:msl35:RSV;d3:msl36:RSV;d3:msl37:RSV;d3:msl38:RSV;d3:msl39:RSV;d3:msl40:RSV;d3:msl41:RSV;factorial:a_msl41content_currenttax:RSV;factorial:b_msl41plus1_msl41tax:RSV;factorial:c_msl41_rebuild_2threads:RSV;factorial:d_current_rebuild_2threads:RSV;fixed:msl29:RSV;fixed:msl30:RSV;fixed:msl31:RSV;fixed:msl32:RSV;fixed:msl33:RSV;fixed:msl34:RSV;fixed:msl35:RSV;fixed:msl36:RSV;fixed:msl37:RSV;fixed:msl38:RSV;fixed:msl39:RSV;fixed:msl40:RSV;fixed:msl41:RSV;prebuilt:20201202:RSV;prebuilt:20210517:RSV;prebuilt:20220607:RSV;prebuilt:20220908:RSV;prebuilt:20221209:RSV;prebuilt:20230314:RSV;prebuilt:20230605:RSV;prebuilt:20231009:RSV;prebuilt:20240112:RSV;prebuilt:20240605:RSV;prebuilt:20240904:RSV;prebuilt:20241228:RSV;prebuilt:20250402:RSV;prebuilt:20250714:RSV;prebuilt:20251015:RSV;prebuilt:20260226:RSV;prebuilt:20260626:RSV
SRR26352206	SRR26352206.910130	RSV 1e6	61	NC_038235.1 100.0% over 100 nt (NC_038235.1 taxid=11250 Human respiratory syncytial virus is)	100	-	-	-	-	current:current:RSV;d1:msl29:RSV;d1:msl30:RSV;d1:msl31:RSV;d1:msl32:RSV;d1:msl33:RSV;d1:msl34:RSV;d1:msl35:RSV;d1:msl36:RSV;d1:msl37:RSV;d1:msl38:RSV;d1:msl39:RSV;d1:msl40:RSV;d1:msl41:RSV;d3:msl29:RSV;d3:msl30:RSV;d3:msl31:RSV;d3:msl32:RSV;d3:msl33:RSV;d3:msl34:RSV;d3:msl35:RSV;d3:msl36:RSV;d3:msl37:RSV;d3:msl38:RSV;d3:msl39:RSV;d3:msl40:RSV;d3:msl41:RSV;factorial:a_msl41content_currenttax:RSV;factorial:b_msl41plus1_msl41tax:RSV;factorial:c_msl41_rebuild_2threads:RSV;factorial:d_current_rebuild_2threads:RSV;fixed:msl29:RSV;fixed:msl30:RSV;fixed:msl31:RSV;fixed:msl32:RSV;fixed:msl33:RSV;fixed:msl34:RSV;fixed:msl35:RSV;fixed:msl36:RSV;fixed:msl37:RSV;fixed:msl38:RSV;fixed:msl39:RSV;fixed:msl40:RSV;fixed:msl41:RSV;prebuilt:20201202:RSV;prebuilt:20210517:RSV;prebuilt:20220607:RSV;prebuilt:20220908:RSV;prebuilt:20221209:RSV;prebuilt:20230314:RSV;prebuilt:20230605:RSV;prebuilt:20231009:RSV;prebuilt:20240112:RSV;prebuilt:20240605:RSV;prebuilt:20240904:RSV;prebuilt:20241228:RSV;prebuilt:20250402:RSV;prebuilt:20250714:RSV;prebuilt:20251015:RSV;prebuilt:20260226:RSV;prebuilt:20260626:RSV
SRR26352206	SRR26352206.913157	RSV 1e6	9	none	13	100.0/100/0	100.0/100/0	100.0/100/0	100.0/100/0	current:current:MRV;d3:msl36:MRV;d3:msl37:MRV;d3:msl38:MRV;d3:msl39:MRV;d3:msl40:MRV;d3:msl41:MRV;factorial:b_msl41plus1_msl41tax:MRV;factorial:d_current_rebuild_2threads:MRV
SRR26352206	SRR26352206.932502	RSV 1e6	61	NC_038235.1 97.0% over 100 nt (NC_038235.1 taxid=11250 Human respiratory syncytial virus is)	12	-	-	-	-	current:current:RSV;d1:msl29:RSV;d1:msl30:RSV;d1:msl31:RSV;d1:msl32:RSV;d1:msl33:RSV;d1:msl34:RSV;d1:msl35:RSV;d1:msl36:RSV;d1:msl37:RSV;d1:msl38:RSV;d1:msl39:RSV;d1:msl40:RSV;d1:msl41:RSV;d3:msl29:RSV;d3:msl30:RSV;d3:msl31:RSV;d3:msl32:RSV;d3:msl33:RSV;d3:msl34:RSV;d3:msl35:RSV;d3:msl36:RSV;d3:msl37:RSV;d3:msl38:RSV;d3:msl39:RSV;d3:msl40:RSV;d3:msl41:RSV;factorial:a_msl41content_currenttax:RSV;factorial:b_msl41plus1_msl41tax:RSV;factorial:c_msl41_rebuild_2threads:RSV;factorial:d_current_rebuild_2threads:RSV;fixed:msl29:RSV;fixed:msl30:RSV;fixed:msl31:RSV;fixed:msl32:RSV;fixed:msl33:RSV;fixed:msl34:RSV;fixed:msl35:RSV;fixed:msl36:RSV;fixed:msl37:RSV;fixed:msl38:RSV;fixed:msl39:RSV;fixed:msl40:RSV;fixed:msl41:RSV;prebuilt:20201202:RSV;prebuilt:20210517:RSV;prebuilt:20220607:RSV;prebuilt:20220908:RSV;prebuilt:20221209:RSV;prebuilt:20230314:RSV;prebuilt:20230605:RSV;prebuilt:20231009:RSV;prebuilt:20240112:RSV;prebuilt:20240605:RSV;prebuilt:20240904:RSV;prebuilt:20241228:RSV;prebuilt:20250402:RSV;prebuilt:20250714:RSV;prebuilt:20251015:RSV;prebuilt:20260226:RSV;prebuilt:20260626:RSV
SRR26352207	SRR26352207.106331	RSV neg	1	none	13	100.0/100/0	100.0/100/0	93.0/100/7	92.0/100/8	prebuilt:20220607:RSV
SRR26352207	SRR26352207.158405	RSV neg	9	none	13	100.0/100/0	100.0/100/0	99.0/100/1	99.0/100/1	current:current:MRV;d3:msl36:MRV;d3:msl37:MRV;d3:msl38:MRV;d3:msl39:MRV;d3:msl40:MRV;d3:msl41:MRV;factorial:b_msl41plus1_msl41tax:MRV;factorial:d_current_rebuild_2threads:MRV
SRR26352207	SRR26352207.193683	RSV neg	9	none	13	100.0/100/0	100.0/100/0	100.0/100/0	100.0/100/0	current:current:MRV;d3:msl36:MRV;d3:msl37:MRV;d3:msl38:MRV;d3:msl39:MRV;d3:msl40:MRV;d3:msl41:MRV;factorial:b_msl41plus1_msl41tax:MRV;factorial:d_current_rebuild_2threads:MRV
SRR26352207	SRR26352207.528837	RSV neg	9	none	13	99.0/100/1	100.0/100/0	99.0/100/1	100.0/100/0	current:current:MRV;d3:msl36:MRV;d3:msl37:MRV;d3:msl38:MRV;d3:msl39:MRV;d3:msl40:MRV;d3:msl41:MRV;factorial:b_msl41plus1_msl41tax:MRV;factorial:d_current_rebuild_2threads:MRV
SRR26352208	SRR26352208.1116941	MRV 1e1	9	none	13	100.0/100/0	99.0/100/1	100.0/100/0	100.0/100/0	current:current:MRV;d3:msl36:MRV;d3:msl37:MRV;d3:msl38:MRV;d3:msl39:MRV;d3:msl40:MRV;d3:msl41:MRV;factorial:b_msl41plus1_msl41tax:MRV;factorial:d_current_rebuild_2threads:MRV
SRR26352208	SRR26352208.1191472	MRV 1e1	1	none	15	100.0/100/0	99.0/100/1	100.0/100/0	99.0/100/1	prebuilt:20250714:MRV
SRR26352208	SRR26352208.1458784	MRV 1e1	1	none	11	98.8/81/1	100.0/64/0	98.8/81/1	100.0/63/0	prebuilt:20260626:MRV
SRR26352208	SRR26352208.1559751	MRV 1e1	2	none	12	100.0/90/0	100.0/90/0	100.0/90/0	100.0/90/0	prebuilt:20241228:MRV;prebuilt:20250402:MRV
SRR26352208	SRR26352208.1730952	MRV 1e1	1	none	15	100.0/100/0	99.0/100/1	100.0/100/0	99.0/100/1	prebuilt:20250714:MRV
SRR26352208	SRR26352208.1828775	MRV 1e1	9	none	12	97.1/70/2	97.1/70/2	97.1/70/2	97.1/70/2	current:current:MRV;d3:msl36:MRV;d3:msl37:MRV;d3:msl38:MRV;d3:msl39:MRV;d3:msl40:MRV;d3:msl41:MRV;factorial:b_msl41plus1_msl41tax:MRV;factorial:d_current_rebuild_2threads:MRV
SRR26352208	SRR26352208.1996279	MRV 1e1	9	none	13	98.0/100/2	100.0/100/0	98.0/100/3	99.0/100/1	current:current:MRV;d3:msl36:MRV;d3:msl37:MRV;d3:msl38:MRV;d3:msl39:MRV;d3:msl40:MRV;d3:msl41:MRV;factorial:b_msl41plus1_msl41tax:MRV;factorial:d_current_rebuild_2threads:MRV
SRR26352208	SRR26352208.293537	MRV 1e1	9	none	13	99.0/100/1	99.0/100/1	99.0/100/1	99.0/100/1	current:current:MRV;d3:msl36:MRV;d3:msl37:MRV;d3:msl38:MRV;d3:msl39:MRV;d3:msl40:MRV;d3:msl41:MRV;factorial:b_msl41plus1_msl41tax:MRV;factorial:d_current_rebuild_2threads:MRV
SRR26352208	SRR26352208.453580	MRV 1e1	9	none	13	97.0/100/3	96.9/98/3	91.0/78/7	92.9/70/5	current:current:MRV;d3:msl36:MRV;d3:msl37:MRV;d3:msl38:MRV;d3:msl39:MRV;d3:msl40:MRV;d3:msl41:MRV;factorial:b_msl41plus1_msl41tax:MRV;factorial:d_current_rebuild_2threads:MRV
SRR26352208	SRR26352208.619479	MRV 1e1	9	none	13	100.0/100/0	100.0/100/0	100.0/100/0	100.0/100/0	current:current:MRV;d3:msl36:MRV;d3:msl37:MRV;d3:msl38:MRV;d3:msl39:MRV;d3:msl40:MRV;d3:msl41:MRV;factorial:b_msl41plus1_msl41tax:MRV;factorial:d_current_rebuild_2threads:MRV
SRR26352209	SRR26352209.1115905	MRV 1e2	9	none	13	100.0/100/0	100.0/95/0	100.0/100/0	100.0/95/0	current:current:MRV;d3:msl36:MRV;d3:msl37:MRV;d3:msl38:MRV;d3:msl39:MRV;d3:msl40:MRV;d3:msl41:MRV;factorial:b_msl41plus1_msl41tax:MRV;factorial:d_current_rebuild_2threads:MRV
SRR26352209	SRR26352209.1141014	MRV 1e2	9	NC_047813.1 100.0% over 35 nt (NC_047813.1 taxid=1958907 Staphylococcus phage Andhra, compl)	13	100.0/65/0	100.0/66/0	100.0/65/0	100.0/66/0	current:current:MRV;d3:msl36:MRV;d3:msl37:MRV;d3:msl38:MRV;d3:msl39:MRV;d3:msl40:MRV;d3:msl41:MRV;factorial:b_msl41plus1_msl41tax:MRV;factorial:d_current_rebuild_2threads:MRV
SRR26352209	SRR26352209.1166301	MRV 1e2	9	none	13	100.0/100/0	100.0/100/0	100.0/100/0	100.0/100/0	current:current:MRV;d3:msl36:MRV;d3:msl37:MRV;d3:msl38:MRV;d3:msl39:MRV;d3:msl40:MRV;d3:msl41:MRV;factorial:b_msl41plus1_msl41tax:MRV;factorial:d_current_rebuild_2threads:MRV
SRR26352209	SRR26352209.1396965	MRV 1e2	9	none	13	100.0/100/0	100.0/100/0	99.0/100/1	99.0/100/1	current:current:MRV;d3:msl36:MRV;d3:msl37:MRV;d3:msl38:MRV;d3:msl39:MRV;d3:msl40:MRV;d3:msl41:MRV;factorial:b_msl41plus1_msl41tax:MRV;factorial:d_current_rebuild_2threads:MRV
SRR26352209	SRR26352209.1538308	MRV 1e2	9	none	12	99.0/100/1	99.0/100/1	100.0/100/0	99.0/100/1	current:current:MRV;d3:msl36:MRV;d3:msl37:MRV;d3:msl38:MRV;d3:msl39:MRV;d3:msl40:MRV;d3:msl41:MRV;factorial:b_msl41plus1_msl41tax:MRV;factorial:d_current_rebuild_2threads:MRV
SRR26352209	SRR26352209.21788	MRV 1e2	1	none	12	97.8/92/2	97.8/91/2	100.0/92/0	100.0/91/0	prebuilt:20201202:RSV
SRR26352209	SRR26352209.259008	MRV 1e2	9	none	13	100.0/79/0	100.0/78/0	98.7/79/1	98.7/78/1	current:current:MRV;d3:msl36:MRV;d3:msl37:MRV;d3:msl38:MRV;d3:msl39:MRV;d3:msl40:MRV;d3:msl41:MRV;factorial:b_msl41plus1_msl41tax:MRV;factorial:d_current_rebuild_2threads:MRV
SRR26352209	SRR26352209.483117	MRV 1e2	9	none	13	99.0/100/1	99.0/100/1	100.0/100/0	99.0/100/1	current:current:MRV;d3:msl36:MRV;d3:msl37:MRV;d3:msl38:MRV;d3:msl39:MRV;d3:msl40:MRV;d3:msl41:MRV;factorial:b_msl41plus1_msl41tax:MRV;factorial:d_current_rebuild_2threads:MRV
SRR26352209	SRR26352209.948921	MRV 1e2	9	none	12	98.0/100/2	99.0/100/1	100.0/100/0	100.0/100/0	current:current:MRV;d3:msl36:MRV;d3:msl37:MRV;d3:msl38:MRV;d3:msl39:MRV;d3:msl40:MRV;d3:msl41:MRV;factorial:b_msl41plus1_msl41tax:MRV;factorial:d_current_rebuild_2threads:MRV
SRR26352212	SRR26352212.137713	MRV 1e3	9	none	13	100.0/100/0	100.0/100/0	100.0/100/0	100.0/100/0	current:current:MRV;d3:msl36:MRV;d3:msl37:MRV;d3:msl38:MRV;d3:msl39:MRV;d3:msl40:MRV;d3:msl41:MRV;factorial:b_msl41plus1_msl41tax:MRV;factorial:d_current_rebuild_2threads:MRV
SRR26352212	SRR26352212.1430876	MRV 1e3	9	none	12	100.0/96/0	100.0/96/0	100.0/96/0	100.0/96/0	current:current:MRV;d3:msl36:MRV;d3:msl37:MRV;d3:msl38:MRV;d3:msl39:MRV;d3:msl40:MRV;d3:msl41:MRV;factorial:b_msl41plus1_msl41tax:MRV;factorial:d_current_rebuild_2threads:MRV
SRR26352212	SRR26352212.1469705	MRV 1e3	9	none	13	100.0/100/0	100.0/100/0	100.0/100/0	100.0/100/0	current:current:MRV;d3:msl36:MRV;d3:msl37:MRV;d3:msl38:MRV;d3:msl39:MRV;d3:msl40:MRV;d3:msl41:MRV;factorial:b_msl41plus1_msl41tax:MRV;factorial:d_current_rebuild_2threads:MRV
SRR26352212	SRR26352212.408484	MRV 1e3	1	none	10	99.0/100/1	99.0/100/1	99.0/100/1	99.0/100/1	prebuilt:20220607:MRV
SRR26352215	SRR26352215.1904169	RSV 1e4	9	none	13	100.0/100/0	91.5/100/9	100.0/100/0	90.6/100/10	current:current:MRV;d3:msl36:MRV;d3:msl37:MRV;d3:msl38:MRV;d3:msl39:MRV;d3:msl40:MRV;d3:msl41:MRV;factorial:b_msl41plus1_msl41tax:MRV;factorial:d_current_rebuild_2threads:MRV
SRR26352215	SRR26352215.19696	RSV 1e4	9	none	13	100.0/95/0	100.0/93/0	100.0/95/0	100.0/93/0	current:current:MRV;d3:msl36:MRV;d3:msl37:MRV;d3:msl38:MRV;d3:msl39:MRV;d3:msl40:MRV;d3:msl41:MRV;factorial:b_msl41plus1_msl41tax:MRV;factorial:d_current_rebuild_2threads:MRV
SRR26352215	SRR26352215.248067	RSV 1e4	9	none	13	100.0/95/0	100.0/97/0	100.0/95/0	100.0/97/0	current:current:MRV;d3:msl36:MRV;d3:msl37:MRV;d3:msl38:MRV;d3:msl39:MRV;d3:msl40:MRV;d3:msl41:MRV;factorial:b_msl41plus1_msl41tax:MRV;factorial:d_current_rebuild_2threads:MRV
SRR26352215	SRR26352215.797936	RSV 1e4	9	none	12	100.0/100/0	100.0/100/0	98.0/100/2	98.0/100/2	current:current:MRV;d3:msl36:MRV;d3:msl37:MRV;d3:msl38:MRV;d3:msl39:MRV;d3:msl40:MRV;d3:msl41:MRV;factorial:b_msl41plus1_msl41tax:MRV;factorial:d_current_rebuild_2threads:MRV
SRR26352215	SRR26352215.956457	RSV 1e4	9	none	13	99.0/100/1	100.0/100/0	99.0/100/1	100.0/100/0	current:current:MRV;d3:msl36:MRV;d3:msl37:MRV;d3:msl38:MRV;d3:msl39:MRV;d3:msl40:MRV;d3:msl41:MRV;factorial:b_msl41plus1_msl41tax:MRV;factorial:d_current_rebuild_2threads:MRV
SRR26352216	SRR26352216.1053826	MRV 1e6	9	none	13	100.0/100/0	100.0/100/0	99.0/100/1	99.0/100/1	current:current:MRV;d3:msl36:MRV;d3:msl37:MRV;d3:msl38:MRV;d3:msl39:MRV;d3:msl40:MRV;d3:msl41:MRV;factorial:b_msl41plus1_msl41tax:MRV;factorial:d_current_rebuild_2threads:MRV
SRR26352216	SRR26352216.1152145	MRV 1e6	61	NC_077841.1 99.0% over 100 nt (NC_077841.1 taxid=10886 Mammalian orthoreovirus 3 Dearing st)	12	-	-	-	-	current:current:MRV;d1:msl29:MRV;d1:msl30:MRV;d1:msl31:MRV;d1:msl32:MRV;d1:msl33:MRV;d1:msl34:MRV;d1:msl35:MRV;d1:msl36:MRV;d1:msl37:MRV;d1:msl38:MRV;d1:msl39:MRV;d1:msl40:MRV;d1:msl41:MRV;d3:msl29:MRV;d3:msl30:MRV;d3:msl31:MRV;d3:msl32:MRV;d3:msl33:MRV;d3:msl34:MRV;d3:msl35:MRV;d3:msl36:MRV;d3:msl37:MRV;d3:msl38:MRV;d3:msl39:MRV;d3:msl40:MRV;d3:msl41:MRV;factorial:a_msl41content_currenttax:MRV;factorial:b_msl41plus1_msl41tax:MRV;factorial:c_msl41_rebuild_2threads:MRV;factorial:d_current_rebuild_2threads:MRV;fixed:msl29:MRV;fixed:msl30:MRV;fixed:msl31:MRV;fixed:msl32:MRV;fixed:msl33:MRV;fixed:msl34:MRV;fixed:msl35:MRV;fixed:msl36:MRV;fixed:msl37:MRV;fixed:msl38:MRV;fixed:msl39:MRV;fixed:msl40:MRV;fixed:msl41:MRV;prebuilt:20201202:MRV;prebuilt:20210517:MRV;prebuilt:20220607:MRV;prebuilt:20220908:MRV;prebuilt:20221209:MRV;prebuilt:20230314:MRV;prebuilt:20230605:MRV;prebuilt:20231009:MRV;prebuilt:20240112:MRV;prebuilt:20240605:MRV;prebuilt:20240904:MRV;prebuilt:20241228:MRV;prebuilt:20250402:MRV;prebuilt:20250714:MRV;prebuilt:20251015:MRV;prebuilt:20260226:MRV;prebuilt:20260626:MRV
SRR26352216	SRR26352216.1360125	MRV 1e6	1	none	11	100.0/100/0	100.0/100/0	100.0/100/0	100.0/100/0	prebuilt:20230605:MRV
SRR26352216	SRR26352216.14021	MRV 1e6	9	none	13	100.0/100/0	100.0/100/0	100.0/100/0	100.0/100/0	current:current:MRV;d3:msl36:MRV;d3:msl37:MRV;d3:msl38:MRV;d3:msl39:MRV;d3:msl40:MRV;d3:msl41:MRV;factorial:b_msl41plus1_msl41tax:MRV;factorial:d_current_rebuild_2threads:MRV
SRR26352216	SRR26352216.1951759	MRV 1e6	9	none	12	99.0/100/1	99.0/100/1	100.0/100/0	100.0/100/0	current:current:MRV;d3:msl36:MRV;d3:msl37:MRV;d3:msl38:MRV;d3:msl39:MRV;d3:msl40:MRV;d3:msl41:MRV;factorial:b_msl41plus1_msl41tax:MRV;factorial:d_current_rebuild_2threads:MRV
SRR26352216	SRR26352216.404055	MRV 1e6	9	none	12	100.0/100/0	100.0/100/0	97.0/100/3	97.0/100/3	current:current:MRV;d3:msl36:MRV;d3:msl37:MRV;d3:msl38:MRV;d3:msl39:MRV;d3:msl40:MRV;d3:msl41:MRV;factorial:b_msl41plus1_msl41tax:MRV;factorial:d_current_rebuild_2threads:MRV
SRR26352216	SRR26352216.428764	MRV 1e6	1	none	11	100.0/82/0	100.0/87/0	100.0/82/0	100.0/87/0	d1:msl37:RSV
SRR26352216	SRR26352216.43647	MRV 1e6	1	none	11	99.0/96/1	100.0/64/0	99.0/96/1	100.0/64/0	prebuilt:20260226:RSV
SRR26352216	SRR26352216.443006	MRV 1e6	9	none	13	100.0/100/0	100.0/100/0	100.0/100/0	100.0/100/0	current:current:MRV;d3:msl36:MRV;d3:msl37:MRV;d3:msl38:MRV;d3:msl39:MRV;d3:msl40:MRV;d3:msl41:MRV;factorial:b_msl41plus1_msl41tax:MRV;factorial:d_current_rebuild_2threads:MRV
SRR26352217	SRR26352217.1797781	MRV neg	9	none	12	97.0/100/3	99.0/100/1	97.0/100/3	99.0/100/1	current:current:MRV;d3:msl36:MRV;d3:msl37:MRV;d3:msl38:MRV;d3:msl39:MRV;d3:msl40:MRV;d3:msl41:MRV;factorial:b_msl41plus1_msl41tax:MRV;factorial:d_current_rebuild_2threads:MRV
SRR26352217	SRR26352217.1949954	MRV neg	61	none	25	100.0/100/0	100.0/75/0	100.0/100/0	100.0/75/0	current:current:RSV;d1:msl29:RSV;d1:msl30:RSV;d1:msl31:RSV;d1:msl32:RSV;d1:msl33:RSV;d1:msl34:RSV;d1:msl35:RSV;d1:msl36:RSV;d1:msl37:RSV;d1:msl38:RSV;d1:msl39:RSV;d1:msl40:RSV;d1:msl41:RSV;d3:msl29:RSV;d3:msl30:RSV;d3:msl31:RSV;d3:msl32:RSV;d3:msl33:RSV;d3:msl34:RSV;d3:msl35:RSV;d3:msl36:RSV;d3:msl37:RSV;d3:msl38:RSV;d3:msl39:RSV;d3:msl40:RSV;d3:msl41:RSV;factorial:a_msl41content_currenttax:RSV;factorial:b_msl41plus1_msl41tax:RSV;factorial:c_msl41_rebuild_2threads:RSV;factorial:d_current_rebuild_2threads:RSV;fixed:msl29:RSV;fixed:msl30:RSV;fixed:msl31:RSV;fixed:msl32:RSV;fixed:msl33:RSV;fixed:msl34:RSV;fixed:msl35:RSV;fixed:msl36:RSV;fixed:msl37:RSV;fixed:msl38:RSV;fixed:msl39:RSV;fixed:msl40:RSV;fixed:msl41:RSV;prebuilt:20201202:RSV;prebuilt:20210517:RSV;prebuilt:20220607:RSV;prebuilt:20220908:RSV;prebuilt:20221209:RSV;prebuilt:20230314:RSV;prebuilt:20230605:RSV;prebuilt:20231009:RSV;prebuilt:20240112:RSV;prebuilt:20240605:RSV;prebuilt:20240904:RSV;prebuilt:20241228:RSV;prebuilt:20250402:RSV;prebuilt:20250714:RSV;prebuilt:20251015:RSV;prebuilt:20260226:RSV;prebuilt:20260626:RSV
SRR26352217	SRR26352217.1964280	MRV neg	1	none	12	100.0/100/0	99.0/100/1	100.0/100/0	99.0/100/1	prebuilt:20230605:MRV
SRR26352217	SRR26352217.234025	MRV neg	9	none	13	100.0/100/0	100.0/100/0	100.0/100/0	100.0/100/0	current:current:MRV;d3:msl36:MRV;d3:msl37:MRV;d3:msl38:MRV;d3:msl39:MRV;d3:msl40:MRV;d3:msl41:MRV;factorial:b_msl41plus1_msl41tax:MRV;factorial:d_current_rebuild_2threads:MRV
SRR26352217	SRR26352217.441972	MRV neg	9	none	13	100.0/97/0	100.0/95/0	100.0/97/0	100.0/95/0	current:current:MRV;d3:msl36:MRV;d3:msl37:MRV;d3:msl38:MRV;d3:msl39:MRV;d3:msl40:MRV;d3:msl41:MRV;factorial:b_msl41plus1_msl41tax:MRV;factorial:d_current_rebuild_2threads:MRV
