databases	update	classified_both	discordant	classified_both_non_phix	discordant_non_phix	classified_both_non_phix_non_host_record	discordant_non_phix_non_host_record	pct_all	pct_non_phix	pct_non_phix_non_host_record
Design 2	msl29->msl30	399968	16	364024	16	19747	16	0.004	0.004	0.081
Design 2	msl30->msl31	399968	19887	364024	65	19747	65	4.972	0.018	0.329
Design 2	msl31->msl32	399968	13763	364024	49	19747	49	3.441	0.013	0.248
Design 2	msl32->msl33	399968	569	364024	569	19747	569	0.142	0.156	2.881
Design 2	msl33->msl34	399968	21	364024	21	19747	21	0.005	0.006	0.106
Design 2	msl34->msl35	399968	55	364024	55	19747	55	0.014	0.015	0.279
Design 2	msl35->msl36	399968	22	364024	22	19747	22	0.006	0.006	0.111
Design 2	msl36->msl37	400611	14	364667	14	20389	14	0.003	0.004	0.069
Design 2	msl37->msl38	400611	28	364667	28	20389	28	0.007	0.008	0.137
Design 2	msl38->msl39	400611	34	364667	34	20389	34	0.008	0.009	0.167
Design 2	msl39->msl40	400611	0	364667	0	20389	0	0.0	0.0	0.0
Design 2	msl40->msl41	400611	5	364667	5	20389	5	0.001	0.001	0.025
prebuilt	20201202->20210517	1819736	1119			487962	946	0.061		0.194
prebuilt	20210517->20220607	1901121	442938			569109	442578	23.299		77.767
prebuilt	20220607->20220908	1094469	1582			578317	437	0.145		0.076
prebuilt	20220908->20221209	1094549	128			579450	122	0.012		0.021
prebuilt	20221209->20230314	1094556	175			579457	174	0.016		0.03
prebuilt	20230314->20230605	1019088	2336			503908	2253	0.229		0.447
prebuilt	20230605->20231009	1023203	4348			508023	4345	0.425		0.855
prebuilt	20231009->20240112	1023206	48			508026	45	0.005		0.009
prebuilt	20240112->20240605	1029379	197			514196	197	0.019		0.038
prebuilt	20240605->20240904	1023194	24			508014	20	0.002		0.004
prebuilt	20240904->20241228	1023189	34			508009	31	0.003		0.006
prebuilt	20241228->20250402	1028083	0			512903	0	0.0		0.0
prebuilt	20250402->20250714	1023194	314			507837	53	0.031		0.01
prebuilt	20250714->20251015	1839988	26			507850	23	0.001		0.005
prebuilt	20251015->20260226	1839892	120			507754	118	0.007		0.023
prebuilt	20260226->20260626	1839896	115			507758	85	0.006		0.017
