update	classified_both	discordant	pct	classified_both_non_phix	discordant_non_phix	pct_non_phix
msl29->msl30	399968	16	0.004	364024	16	0.0044
msl30->msl31	399968	19887	4.972	364024	65	0.0179
msl31->msl32	399968	13763	3.441	364024	49	0.0135
msl32->msl33	399968	569	0.142	364024	569	0.1563
msl33->msl34	399968	21	0.005	364024	21	0.0058
msl34->msl35	399968	55	0.014	364024	55	0.0151
msl35->msl36	399968	22	0.006	364024	22	0.006
msl36->msl37	400611	14	0.003	364667	14	0.0038
msl37->msl38	400611	28	0.007	364667	28	0.0077
msl38->msl39	400611	34	0.008	364667	34	0.0093
msl39->msl40	400611	0	0.0	364667	0	0.0
msl40->msl41	400611	5	0.001	364667	5	0.0014
