update	accession	taxid	read_pairs	pct_before	pct_after	reads_same_taxid_membership_changed	reads_changing_taxid
msl29->msl30	NC_018846.1	1150869	1000	17.1	3.3	8	592
msl29->msl30	NC_025822.1	1151014	1000	2.4	100.0	0	976
msl29->msl30	NC_026594.1	1548905	1000	92.3	100.0	0	91
msl29->msl30	NC_047744.1	1445811	1000	0.1	99.1	0	999
msl30->msl31	NC_007611.1	46771	1000	93.9	96.2	1	47
msl30->msl31	NC_007821.1	489828	1000	100.0	27.9	54	671
msl30->msl31	NC_019918.1	1231048	1000	59.5	29.9	0	699
msl30->msl31	NC_021781.2	1173766	1000	35.3	0.6	0	852
msl30->msl31	NC_024383.1	1458855	1000	35.7	0.0	2	879
msl30->msl31	NC_025897.1	1286214	1000	96.7	98.1	0	18
msl31->msl32	NC_005259.1	213236	1000	4.6	3.3	0	946
msl31->msl32	NC_005948.1	127509	1000	3.3	100.0	0	967
msl31->msl32	NC_005949.1	127511	1000	100.0	2.3	0	977
msl31->msl32	NC_011811.1	557393	1000	100.0	71.0	7	295
msl31->msl32	NC_014927.1	942033	1000	100.0	20.5	0	795
msl31->msl32	NC_014930.1	942037	1000	100.0	77.2	1	231
msl31->msl32	NC_018860.1	1126950	1000	100.0	20.8	0	794
msl31->msl32	NC_019414.1	10732	1000	100.0	50.9	1	499
msl31->msl32	NC_022063.1	1383055	1000	100.0	11.8	0	882
msl31->msl32	NC_025897.1	1286214	1000	98.1	96.5	0	17
msl31->msl32	NC_026594.1	1548905	1000	100.0	92.3	0	91
msl32->msl33	NC_012757.1	642111	1000	76.5	75.4	0	240
msl32->msl33	NC_016565.1	1010614	1000	97.8	98.9	0	13
msl32->msl33	NC_020236.1	881944	1000	89.6	90.7	0	64
msl32->msl33	NC_021341.1	1335768	1000	99.4	97.3	0	26
msl33->msl34	NC_000902.1	97081	1000	6.9	5.5	0	740
msl33->msl34	NC_002657.1	11096	1000	100.0	98.0	0	35
msl33->msl34	NC_007458.1	347962	1000	10.1	2.3	0	977
msl33->msl34	NC_019921.1	874267	1000	33.5	0.0	0	906
msl33->msl34	NC_021540.1	1283071	1000	100.0	31.0	0	691
msl33->msl34	NC_022069.1	1340820	1000	87.7	5.4	0	938
msl33->msl34	NC_022985.1	1391433	1000	45.8	20.5	3	775
msl33->msl34	NC_024360.1	1486421	1000	75.1	0.0	9	977
msl33->msl34	NC_025822.1	1151014	1000	100.0	2.4	0	976
msl33->msl34	NC_073041.1	347962	1000	12.0	6.9	0	931
msl34->msl35	NC_009904.1	442493	1000	82.7	0.0	0	987
msl34->msl35	NC_012635.1	10693	1000	50.1	0.3	0	658
msl34->msl35	NC_015288.1	444861	1000	100.0	71.3	0	296
msl36->msl37	NC_023611.1	345585	1000	95.4	97.2	0	41
msl38->msl39	NC_074969.1	29250	1000	99.7	86.1	17	185
msl40->msl41	NC_074864.1	884610	1000	96.7	93.1	0	39
