update	accessions	read_pairs	pct_in_own_clade_before	pct_in_own_clade_after	same_taxid_same_membership	same_taxid_membership_changed	different_taxid_same_membership	different_taxid_membership_changed	exposed_reads	unexposed_membership_changes	accessions_changing_more_than_1_point	max_change_points
msl29->msl30	230	228000	67.83	68.67	158906	9	66807	2278	157683	0	4	99.0
msl30->msl31	404	404000	86.57	86.16	358564	57	43626	1753	205359	0	6	72.1
msl31->msl32	1130	1128000	90.21	89.88	1040947	15	81417	5621	460208	0	11	97.7
msl32->msl33	618	615000	93.44	93.43	582217	7	32668	108	275134	0	4	2.1
msl33->msl34	410	410000	74.97	74.0	310531	12	95428	4029	237582	0	10	97.6
msl34->msl35	833	831000	89.19	88.99	769192	0	60154	1654	348636	0	3	82.7
msl35->msl36	519	519000	92.09	92.09	486546	0	32427	27	165627	0	0	0.8
msl36->msl37	358	358000	86.31	86.31	320499	0	37442	59	137376	0	1	1.8
msl37->msl38	738	718000	91.99	91.99	677952	0	40010	38	181601	0	0	0.3
msl38->msl39	1633	1629000	97.7	97.69	1603731	17	25118	134	352986	0	1	13.6
msl39->msl40	291	291000	97.09	97.09	285844	0	5150	6	58343	0	0	0.2
msl40->msl41	2216	2182000	98.66	98.65	2174978	0	6959	63	744554	0	1	3.6
