update	accessions	read_pairs	exposed_any_hit_outside_clade	exposed_lineage	membership_changes	changes_sequences_under_T_unchanged	changes_sequences_under_T_changed	changes_without_lineage_exposure_sequences_unchanged	changes_without_lineage_exposure_sequences_changed
msl29->msl30	230	228000	157683	6092	2287	98	2189	0	2145
msl30->msl31	404	404000	205359	7760	1810	65	1745	0	1636
msl31->msl32	1130	1128000	460208	20202	5636	103	5533	0	5483
msl32->msl33	618	615000	275134	19649	115	97	18	0	11
msl33->msl34	410	410000	237582	8509	4041	50	3991	0	3921
msl34->msl35	833	831000	348636	19002	1654	42	1612	0	1550
msl35->msl36	519	519000	165627	6777	27	27	0	0	0
msl36->msl37	358	358000	137376	7341	59	59	0	0	0
msl37->msl38	738	718000	181601	7297	38	38	0	0	0
msl38->msl39	1633	1629000	352986	17899	151	15	136	0	117
msl39->msl40	291	291000	58343	2356	6	6	0	0	0
msl40->msl41	2216	2182000	744554	70801	63	27	36	0	34
