database	target	reads_in_target_clade	classified_outside_clade	unclassified	pct_in_clade
fixed_msl29	RSV_A_NC_038235	5000	0	0	100.0
fixed_msl29	RSV_A_NC_001803	5000	0	0	100.0
fixed_msl29	RSV_B_NC_001781	5000	0	0	100.0
fixed_msl29	MRV3_538123	5000	0	0	100.0
fixed_msl29	MRV3_T3D_10886	5000	0	0	100.0
fixed_msl30	RSV_A_NC_038235	5000	0	0	100.0
fixed_msl30	RSV_A_NC_001803	5000	0	0	100.0
fixed_msl30	RSV_B_NC_001781	5000	0	0	100.0
fixed_msl30	MRV3_538123	5000	0	0	100.0
fixed_msl30	MRV3_T3D_10886	5000	0	0	100.0
fixed_msl31	RSV_A_NC_038235	5000	0	0	100.0
fixed_msl31	RSV_A_NC_001803	5000	0	0	100.0
fixed_msl31	RSV_B_NC_001781	5000	0	0	100.0
fixed_msl31	MRV3_538123	5000	0	0	100.0
fixed_msl31	MRV3_T3D_10886	5000	0	0	100.0
fixed_msl32	RSV_A_NC_038235	5000	0	0	100.0
fixed_msl32	RSV_A_NC_001803	5000	0	0	100.0
fixed_msl32	RSV_B_NC_001781	5000	0	0	100.0
fixed_msl32	MRV3_538123	5000	0	0	100.0
fixed_msl32	MRV3_T3D_10886	5000	0	0	100.0
fixed_msl33	RSV_A_NC_038235	5000	0	0	100.0
fixed_msl33	RSV_A_NC_001803	5000	0	0	100.0
fixed_msl33	RSV_B_NC_001781	5000	0	0	100.0
fixed_msl33	MRV3_538123	5000	0	0	100.0
fixed_msl33	MRV3_T3D_10886	5000	0	0	100.0
fixed_msl34	RSV_A_NC_038235	5000	0	0	100.0
fixed_msl34	RSV_A_NC_001803	5000	0	0	100.0
fixed_msl34	RSV_B_NC_001781	5000	0	0	100.0
fixed_msl34	MRV3_538123	5000	0	0	100.0
fixed_msl34	MRV3_T3D_10886	5000	0	0	100.0
fixed_msl35	RSV_A_NC_038235	5000	0	0	100.0
fixed_msl35	RSV_A_NC_001803	5000	0	0	100.0
fixed_msl35	RSV_B_NC_001781	5000	0	0	100.0
fixed_msl35	MRV3_538123	5000	0	0	100.0
fixed_msl35	MRV3_T3D_10886	5000	0	0	100.0
fixed_msl36	RSV_A_NC_038235	5000	0	0	100.0
fixed_msl36	RSV_A_NC_001803	5000	0	0	100.0
fixed_msl36	RSV_B_NC_001781	5000	0	0	100.0
fixed_msl36	MRV3_538123	5000	0	0	100.0
fixed_msl36	MRV3_T3D_10886	5000	0	0	100.0
fixed_msl37	RSV_A_NC_038235	5000	0	0	100.0
fixed_msl37	RSV_A_NC_001803	5000	0	0	100.0
fixed_msl37	RSV_B_NC_001781	5000	0	0	100.0
fixed_msl37	MRV3_538123	5000	0	0	100.0
fixed_msl37	MRV3_T3D_10886	5000	0	0	100.0
fixed_msl38	RSV_A_NC_038235	5000	0	0	100.0
fixed_msl38	RSV_A_NC_001803	5000	0	0	100.0
fixed_msl38	RSV_B_NC_001781	5000	0	0	100.0
fixed_msl38	MRV3_538123	5000	0	0	100.0
fixed_msl38	MRV3_T3D_10886	5000	0	0	100.0
fixed_msl39	RSV_A_NC_038235	5000	0	0	100.0
fixed_msl39	RSV_A_NC_001803	5000	0	0	100.0
fixed_msl39	RSV_B_NC_001781	5000	0	0	100.0
fixed_msl39	MRV3_538123	5000	0	0	100.0
fixed_msl39	MRV3_T3D_10886	5000	0	0	100.0
fixed_msl40	RSV_A_NC_038235	5000	0	0	100.0
fixed_msl40	RSV_A_NC_001803	5000	0	0	100.0
fixed_msl40	RSV_B_NC_001781	5000	0	0	100.0
fixed_msl40	MRV3_538123	5000	0	0	100.0
fixed_msl40	MRV3_T3D_10886	5000	0	0	100.0
fixed_msl41	RSV_A_NC_038235	5000	0	0	100.0
fixed_msl41	RSV_A_NC_001803	5000	0	0	100.0
fixed_msl41	RSV_B_NC_001781	5000	0	0	100.0
fixed_msl41	MRV3_538123	5000	0	0	100.0
fixed_msl41	MRV3_T3D_10886	5000	0	0	100.0
design1_msl29	RSV_A_NC_038235	5000	0	0	100.0
design1_msl29	RSV_A_NC_001803	5000	0	0	100.0
design1_msl29	RSV_B_NC_001781	5000	0	0	100.0
design1_msl29	MRV3_538123	5000	0	0	100.0
design1_msl29	MRV3_T3D_10886	5000	0	0	100.0
design1_msl30	RSV_A_NC_038235	5000	0	0	100.0
design1_msl30	RSV_A_NC_001803	5000	0	0	100.0
design1_msl30	RSV_B_NC_001781	5000	0	0	100.0
design1_msl30	MRV3_538123	5000	0	0	100.0
design1_msl30	MRV3_T3D_10886	5000	0	0	100.0
design1_msl31	RSV_A_NC_038235	5000	0	0	100.0
design1_msl31	RSV_A_NC_001803	5000	0	0	100.0
design1_msl31	RSV_B_NC_001781	5000	0	0	100.0
design1_msl31	MRV3_538123	5000	0	0	100.0
design1_msl31	MRV3_T3D_10886	5000	0	0	100.0
design1_msl32	RSV_A_NC_038235	5000	0	0	100.0
design1_msl32	RSV_A_NC_001803	5000	0	0	100.0
design1_msl32	RSV_B_NC_001781	5000	0	0	100.0
design1_msl32	MRV3_538123	5000	0	0	100.0
design1_msl32	MRV3_T3D_10886	5000	0	0	100.0
design1_msl33	RSV_A_NC_038235	5000	0	0	100.0
design1_msl33	RSV_A_NC_001803	5000	0	0	100.0
design1_msl33	RSV_B_NC_001781	5000	0	0	100.0
design1_msl33	MRV3_538123	5000	0	0	100.0
design1_msl33	MRV3_T3D_10886	5000	0	0	100.0
design1_msl34	RSV_A_NC_038235	5000	0	0	100.0
design1_msl34	RSV_A_NC_001803	5000	0	0	100.0
design1_msl34	RSV_B_NC_001781	5000	0	0	100.0
design1_msl34	MRV3_538123	5000	0	0	100.0
design1_msl34	MRV3_T3D_10886	5000	0	0	100.0
design1_msl35	RSV_A_NC_038235	5000	0	0	100.0
design1_msl35	RSV_A_NC_001803	5000	0	0	100.0
design1_msl35	RSV_B_NC_001781	5000	0	0	100.0
design1_msl35	MRV3_538123	5000	0	0	100.0
design1_msl35	MRV3_T3D_10886	5000	0	0	100.0
design1_msl36	RSV_A_NC_038235	5000	0	0	100.0
design1_msl36	RSV_A_NC_001803	5000	0	0	100.0
design1_msl36	RSV_B_NC_001781	5000	0	0	100.0
design1_msl36	MRV3_538123	5000	0	0	100.0
design1_msl36	MRV3_T3D_10886	5000	0	0	100.0
design1_msl37	RSV_A_NC_038235	5000	0	0	100.0
design1_msl37	RSV_A_NC_001803	5000	0	0	100.0
design1_msl37	RSV_B_NC_001781	5000	0	0	100.0
design1_msl37	MRV3_538123	5000	0	0	100.0
design1_msl37	MRV3_T3D_10886	5000	0	0	100.0
design1_msl38	RSV_A_NC_038235	5000	0	0	100.0
design1_msl38	RSV_A_NC_001803	5000	0	0	100.0
design1_msl38	RSV_B_NC_001781	5000	0	0	100.0
design1_msl38	MRV3_538123	5000	0	0	100.0
design1_msl38	MRV3_T3D_10886	5000	0	0	100.0
design1_msl39	RSV_A_NC_038235	5000	0	0	100.0
design1_msl39	RSV_A_NC_001803	5000	0	0	100.0
design1_msl39	RSV_B_NC_001781	5000	0	0	100.0
design1_msl39	MRV3_538123	5000	0	0	100.0
design1_msl39	MRV3_T3D_10886	5000	0	0	100.0
design1_msl40	RSV_A_NC_038235	5000	0	0	100.0
design1_msl40	RSV_A_NC_001803	5000	0	0	100.0
design1_msl40	RSV_B_NC_001781	5000	0	0	100.0
design1_msl40	MRV3_538123	5000	0	0	100.0
design1_msl40	MRV3_T3D_10886	5000	0	0	100.0
design1_msl41	RSV_A_NC_038235	5000	0	0	100.0
design1_msl41	RSV_A_NC_001803	5000	0	0	100.0
design1_msl41	RSV_B_NC_001781	5000	0	0	100.0
design1_msl41	MRV3_538123	5000	0	0	100.0
design1_msl41	MRV3_T3D_10886	5000	0	0	100.0
current	RSV_A_NC_038235	5000	0	0	100.0
current	RSV_A_NC_001803	5000	0	0	100.0
current	RSV_B_NC_001781	5000	0	0	100.0
current	MRV3_538123	5000	0	0	100.0
current	MRV3_T3D_10886	5000	0	0	100.0
