design	update	target	n_read_pairs	n_reads_changing_taxid
fixed	msl29->msl30	RSV_A_NC_038235	5000	0
fixed	msl29->msl30	RSV_A_NC_001803	5000	0
fixed	msl29->msl30	RSV_B_NC_001781	5000	0
fixed	msl29->msl30	MRV3_538123	5000	0
fixed	msl29->msl30	MRV3_T3D_10886	5000	0
fixed	msl30->msl31	RSV_A_NC_038235	5000	0
fixed	msl30->msl31	RSV_A_NC_001803	5000	0
fixed	msl30->msl31	RSV_B_NC_001781	5000	0
fixed	msl30->msl31	MRV3_538123	5000	0
fixed	msl30->msl31	MRV3_T3D_10886	5000	0
fixed	msl31->msl32	RSV_A_NC_038235	5000	0
fixed	msl31->msl32	RSV_A_NC_001803	5000	0
fixed	msl31->msl32	RSV_B_NC_001781	5000	0
fixed	msl31->msl32	MRV3_538123	5000	0
fixed	msl31->msl32	MRV3_T3D_10886	5000	0
fixed	msl32->msl33	RSV_A_NC_038235	5000	0
fixed	msl32->msl33	RSV_A_NC_001803	5000	0
fixed	msl32->msl33	RSV_B_NC_001781	5000	0
fixed	msl32->msl33	MRV3_538123	5000	0
fixed	msl32->msl33	MRV3_T3D_10886	5000	0
fixed	msl33->msl34	RSV_A_NC_038235	5000	0
fixed	msl33->msl34	RSV_A_NC_001803	5000	0
fixed	msl33->msl34	RSV_B_NC_001781	5000	0
fixed	msl33->msl34	MRV3_538123	5000	0
fixed	msl33->msl34	MRV3_T3D_10886	5000	0
fixed	msl34->msl35	RSV_A_NC_038235	5000	0
fixed	msl34->msl35	RSV_A_NC_001803	5000	0
fixed	msl34->msl35	RSV_B_NC_001781	5000	0
fixed	msl34->msl35	MRV3_538123	5000	0
fixed	msl34->msl35	MRV3_T3D_10886	5000	0
fixed	msl35->msl36	RSV_A_NC_038235	5000	0
fixed	msl35->msl36	RSV_A_NC_001803	5000	0
fixed	msl35->msl36	RSV_B_NC_001781	5000	0
fixed	msl35->msl36	MRV3_538123	5000	0
fixed	msl35->msl36	MRV3_T3D_10886	5000	0
fixed	msl36->msl37	RSV_A_NC_038235	5000	0
fixed	msl36->msl37	RSV_A_NC_001803	5000	0
fixed	msl36->msl37	RSV_B_NC_001781	5000	0
fixed	msl36->msl37	MRV3_538123	5000	0
fixed	msl36->msl37	MRV3_T3D_10886	5000	0
fixed	msl37->msl38	RSV_A_NC_038235	5000	0
fixed	msl37->msl38	RSV_A_NC_001803	5000	0
fixed	msl37->msl38	RSV_B_NC_001781	5000	0
fixed	msl37->msl38	MRV3_538123	5000	0
fixed	msl37->msl38	MRV3_T3D_10886	5000	0
fixed	msl38->msl39	RSV_A_NC_038235	5000	0
fixed	msl38->msl39	RSV_A_NC_001803	5000	0
fixed	msl38->msl39	RSV_B_NC_001781	5000	0
fixed	msl38->msl39	MRV3_538123	5000	0
fixed	msl38->msl39	MRV3_T3D_10886	5000	0
fixed	msl39->msl40	RSV_A_NC_038235	5000	0
fixed	msl39->msl40	RSV_A_NC_001803	5000	0
fixed	msl39->msl40	RSV_B_NC_001781	5000	0
fixed	msl39->msl40	MRV3_538123	5000	0
fixed	msl39->msl40	MRV3_T3D_10886	5000	0
fixed	msl40->msl41	RSV_A_NC_038235	5000	0
fixed	msl40->msl41	RSV_A_NC_001803	5000	0
fixed	msl40->msl41	RSV_B_NC_001781	5000	0
fixed	msl40->msl41	MRV3_538123	5000	0
fixed	msl40->msl41	MRV3_T3D_10886	5000	0
design1	msl29->msl30	RSV_A_NC_038235	5000	0
design1	msl29->msl30	RSV_A_NC_001803	5000	0
design1	msl29->msl30	RSV_B_NC_001781	5000	0
design1	msl29->msl30	MRV3_538123	5000	0
design1	msl29->msl30	MRV3_T3D_10886	5000	0
design1	msl30->msl31	RSV_A_NC_038235	5000	0
design1	msl30->msl31	RSV_A_NC_001803	5000	0
design1	msl30->msl31	RSV_B_NC_001781	5000	0
design1	msl30->msl31	MRV3_538123	5000	0
design1	msl30->msl31	MRV3_T3D_10886	5000	0
design1	msl31->msl32	RSV_A_NC_038235	5000	0
design1	msl31->msl32	RSV_A_NC_001803	5000	0
design1	msl31->msl32	RSV_B_NC_001781	5000	0
design1	msl31->msl32	MRV3_538123	5000	0
design1	msl31->msl32	MRV3_T3D_10886	5000	0
design1	msl32->msl33	RSV_A_NC_038235	5000	0
design1	msl32->msl33	RSV_A_NC_001803	5000	0
design1	msl32->msl33	RSV_B_NC_001781	5000	0
design1	msl32->msl33	MRV3_538123	5000	0
design1	msl32->msl33	MRV3_T3D_10886	5000	0
design1	msl33->msl34	RSV_A_NC_038235	5000	0
design1	msl33->msl34	RSV_A_NC_001803	5000	0
design1	msl33->msl34	RSV_B_NC_001781	5000	0
design1	msl33->msl34	MRV3_538123	5000	0
design1	msl33->msl34	MRV3_T3D_10886	5000	0
design1	msl34->msl35	RSV_A_NC_038235	5000	0
design1	msl34->msl35	RSV_A_NC_001803	5000	0
design1	msl34->msl35	RSV_B_NC_001781	5000	0
design1	msl34->msl35	MRV3_538123	5000	0
design1	msl34->msl35	MRV3_T3D_10886	5000	0
design1	msl35->msl36	RSV_A_NC_038235	5000	0
design1	msl35->msl36	RSV_A_NC_001803	5000	0
design1	msl35->msl36	RSV_B_NC_001781	5000	0
design1	msl35->msl36	MRV3_538123	5000	0
design1	msl35->msl36	MRV3_T3D_10886	5000	0
design1	msl36->msl37	RSV_A_NC_038235	5000	0
design1	msl36->msl37	RSV_A_NC_001803	5000	0
design1	msl36->msl37	RSV_B_NC_001781	5000	0
design1	msl36->msl37	MRV3_538123	5000	0
design1	msl36->msl37	MRV3_T3D_10886	5000	0
design1	msl37->msl38	RSV_A_NC_038235	5000	0
design1	msl37->msl38	RSV_A_NC_001803	5000	0
design1	msl37->msl38	RSV_B_NC_001781	5000	0
design1	msl37->msl38	MRV3_538123	5000	0
design1	msl37->msl38	MRV3_T3D_10886	5000	0
design1	msl38->msl39	RSV_A_NC_038235	5000	0
design1	msl38->msl39	RSV_A_NC_001803	5000	0
design1	msl38->msl39	RSV_B_NC_001781	5000	0
design1	msl38->msl39	MRV3_538123	5000	0
design1	msl38->msl39	MRV3_T3D_10886	5000	0
design1	msl39->msl40	RSV_A_NC_038235	5000	0
design1	msl39->msl40	RSV_A_NC_001803	5000	0
design1	msl39->msl40	RSV_B_NC_001781	5000	0
design1	msl39->msl40	MRV3_538123	5000	0
design1	msl39->msl40	MRV3_T3D_10886	5000	0
design1	msl40->msl41	RSV_A_NC_038235	5000	0
design1	msl40->msl41	RSV_A_NC_001803	5000	0
design1	msl40->msl41	RSV_B_NC_001781	5000	0
design1	msl40->msl41	MRV3_538123	5000	0
design1	msl40->msl41	MRV3_T3D_10886	5000	0
