design	run	sample	RSV_11250_by_version	MRV_351073_by_version
fixed	SRR26352207	RSV neg	0,0,0,0,0,0,0,0,0,0,0,0,0	0,0,0,0,0,0,0,0,0,0,0,0,0
fixed	SRR26352206	RSV 1e6	17,17,17,17,17,17,17,17,17,17,17,17,17	0,0,0,0,0,0,0,0,0,0,0,0,0
fixed	SRR26352204	RSV 1e5	None,None,None,None,None,None,None,None,None,None,None,None,None	None,None,None,None,None,None,None,None,None,None,None,None,None
fixed	SRR26352215	RSV 1e4	0,0,0,0,0,0,0,0,0,0,0,0,0	0,0,0,0,0,0,0,0,0,0,0,0,0
fixed	SRR26352205	RSV 1e3	1,1,1,1,1,1,1,1,1,1,1,1,1	0,0,0,0,0,0,0,0,0,0,0,0,0
fixed	SRR26352203	RSV 1e2	0,0,0,0,0,0,0,0,0,0,0,0,0	1,1,1,1,1,1,1,1,1,1,1,1,1
fixed	SRR26352202	RSV 1e1	1,1,1,1,1,1,1,1,1,1,1,1,1	0,0,0,0,0,0,0,0,0,0,0,0,0
fixed	SRR26352217	MRV neg	1,1,1,1,1,1,1,1,1,1,1,1,1	0,0,0,0,0,0,0,0,0,0,0,0,0
fixed	SRR26352216	MRV 1e6	0,0,0,0,0,0,0,0,0,0,0,0,0	1,1,1,1,1,1,1,1,1,1,1,1,1
fixed	SRR26352195	MRV 1e5	0,0,0,0,0,0,0,0,0,0,0,0,0	0,0,0,0,0,0,0,0,0,0,0,0,0
fixed	SRR26352184	MRV 1e4	0,0,0,0,0,0,0,0,0,0,0,0,0	0,0,0,0,0,0,0,0,0,0,0,0,0
fixed	SRR26352212	MRV 1e3	0,0,0,0,0,0,0,0,0,0,0,0,0	0,0,0,0,0,0,0,0,0,0,0,0,0
fixed	SRR26352209	MRV 1e2	0,0,0,0,0,0,0,0,0,0,0,0,0	0,0,0,0,0,0,0,0,0,0,0,0,0
fixed	SRR26352208	MRV 1e1	0,0,0,0,0,0,0,0,0,0,0,0,0	0,0,0,0,0,0,0,0,0,0,0,0,0
d1	SRR26352207	RSV neg	0,0,0,0,0,0,0,0,0,0,0,0,0	0,0,0,0,0,0,0,0,0,0,0,0,0
d1	SRR26352206	RSV 1e6	17,18,17,17,17,17,17,17,17,17,17,17,18	0,0,0,0,0,0,0,0,0,0,0,0,0
d1	SRR26352204	RSV 1e5	1,1,1,1,1,1,1,1,1,1,1,1,1	0,0,0,0,0,0,0,0,0,0,0,0,0
d1	SRR26352215	RSV 1e4	0,0,0,0,0,0,0,0,0,0,0,0,0	0,0,0,0,0,0,0,0,0,0,0,0,0
d1	SRR26352205	RSV 1e3	1,1,1,1,1,1,1,1,1,1,1,1,1	0,0,0,0,0,0,1,0,0,0,0,0,0
d1	SRR26352203	RSV 1e2	0,0,0,0,0,0,0,0,0,0,0,0,0	1,1,1,1,1,1,1,1,1,1,1,1,1
d1	SRR26352202	RSV 1e1	1,1,1,1,1,1,1,1,1,1,1,1,1	0,0,0,0,0,0,0,0,0,0,0,0,0
d1	SRR26352217	MRV neg	1,1,1,1,1,1,1,1,1,1,1,1,1	0,0,0,0,0,0,0,0,0,0,0,0,0
d1	SRR26352216	MRV 1e6	0,0,0,0,0,0,0,0,1,0,0,0,0	1,1,1,1,1,1,1,1,1,1,1,1,1
d1	SRR26352195	MRV 1e5	0,0,0,0,0,0,0,0,0,0,0,0,0	0,0,0,0,0,0,0,0,0,0,0,0,0
d1	SRR26352184	MRV 1e4	0,0,0,0,0,0,0,0,0,0,0,0,0	0,0,0,0,0,0,0,0,0,0,0,0,0
d1	SRR26352212	MRV 1e3	0,0,0,0,0,0,0,0,0,0,0,0,0	0,0,0,0,0,0,0,0,0,0,0,0,0
d1	SRR26352209	MRV 1e2	0,0,0,0,0,0,0,0,0,0,0,0,0	0,0,0,0,0,0,0,0,0,0,0,0,0
d1	SRR26352208	MRV 1e1	0,0,0,0,0,0,0,0,0,0,0,0,0	0,0,0,0,0,0,0,0,0,0,0,0,0
d3	SRR26352207	RSV neg	0,0,0,0,0,0,0,0,0,0,0,0,0	0,0,0,0,0,0,0,3,3,3,3,3,3
d3	SRR26352206	RSV 1e6	17,17,17,17,17,17,17,17,17,17,17,17,17	0,0,0,0,0,0,0,8,8,8,8,8,8
d3	SRR26352204	RSV 1e5	1,1,1,1,1,1,1,1,1,1,1,1,1	0,0,0,0,0,0,0,4,4,4,4,4,4
d3	SRR26352215	RSV 1e4	0,0,0,0,0,0,0,0,0,0,0,0,0	0,0,0,0,0,0,0,5,5,5,5,5,5
d3	SRR26352205	RSV 1e3	1,1,1,1,1,1,1,1,1,1,1,1,1	0,0,0,0,0,0,0,2,2,2,2,2,2
d3	SRR26352203	RSV 1e2	0,0,0,0,0,0,0,0,0,0,0,0,0	1,1,1,1,1,1,1,6,6,6,6,6,6
d3	SRR26352202	RSV 1e1	1,1,1,1,1,1,1,1,1,1,1,1,1	0,0,0,0,0,0,0,7,7,7,7,7,7
d3	SRR26352217	MRV neg	1,1,1,1,1,1,1,1,1,1,1,1,1	0,0,0,0,0,0,0,3,3,3,3,3,3
d3	SRR26352216	MRV 1e6	0,0,0,0,0,0,0,0,0,0,0,0,0	1,1,1,1,1,1,1,6,6,6,6,6,6
d3	SRR26352195	MRV 1e5	0,0,0,0,0,0,0,0,0,0,0,0,0	0,0,0,0,0,0,0,2,2,2,2,2,2
d3	SRR26352184	MRV 1e4	0,0,0,0,0,0,0,0,0,0,0,0,0	0,0,0,0,0,0,0,5,5,5,5,5,5
d3	SRR26352212	MRV 1e3	0,0,0,0,0,0,0,0,0,0,0,0,0	0,0,0,0,0,0,0,3,3,3,3,3,3
d3	SRR26352209	MRV 1e2	0,0,0,0,0,0,0,0,0,0,0,0,0	0,0,0,0,0,0,0,8,8,8,8,8,8
d3	SRR26352208	MRV 1e1	0,0,0,0,0,0,0,0,0,0,0,0,0	0,0,0,0,0,0,0,6,6,6,6,6,6
official_20201202	SRR26352207	RSV neg	0	0
official_20201202	SRR26352206	RSV 1e6	17	0
official_20201202	SRR26352204	RSV 1e5	1	0
official_20201202	SRR26352215	RSV 1e4	0	0
official_20201202	SRR26352205	RSV 1e3	1	0
official_20201202	SRR26352203	RSV 1e2	0	1
official_20201202	SRR26352202	RSV 1e1	1	0
official_20201202	SRR26352217	MRV neg	1	0
official_20201202	SRR26352216	MRV 1e6	0	1
official_20201202	SRR26352195	MRV 1e5	0	0
official_20201202	SRR26352184	MRV 1e4	0	0
official_20201202	SRR26352212	MRV 1e3	0	0
official_20201202	SRR26352209	MRV 1e2	1	0
official_20201202	SRR26352208	MRV 1e1	0	0
official_20210517	SRR26352207	RSV neg	0	0
official_20210517	SRR26352206	RSV 1e6	16	0
official_20210517	SRR26352204	RSV 1e5	1	0
official_20210517	SRR26352215	RSV 1e4	0	0
official_20210517	SRR26352205	RSV 1e3	1	0
official_20210517	SRR26352203	RSV 1e2	0	1
official_20210517	SRR26352202	RSV 1e1	1	0
official_20210517	SRR26352217	MRV neg	1	0
official_20210517	SRR26352216	MRV 1e6	0	1
official_20210517	SRR26352195	MRV 1e5	0	0
official_20210517	SRR26352184	MRV 1e4	0	0
official_20210517	SRR26352212	MRV 1e3	0	0
official_20210517	SRR26352209	MRV 1e2	0	0
official_20210517	SRR26352208	MRV 1e1	0	0
official_20220607	SRR26352207	RSV neg	1	0
official_20220607	SRR26352206	RSV 1e6	16	0
official_20220607	SRR26352204	RSV 1e5	1	0
official_20220607	SRR26352215	RSV 1e4	0	0
official_20220607	SRR26352205	RSV 1e3	1	0
official_20220607	SRR26352203	RSV 1e2	0	1
official_20220607	SRR26352202	RSV 1e1	1	0
official_20220607	SRR26352217	MRV neg	1	0
official_20220607	SRR26352216	MRV 1e6	0	1
official_20220607	SRR26352195	MRV 1e5	0	0
official_20220607	SRR26352184	MRV 1e4	0	0
official_20220607	SRR26352212	MRV 1e3	0	1
official_20220607	SRR26352209	MRV 1e2	0	0
official_20220607	SRR26352208	MRV 1e1	0	0
official_20220908	SRR26352207	RSV neg	0	0
official_20220908	SRR26352206	RSV 1e6	16	0
official_20220908	SRR26352204	RSV 1e5	1	0
official_20220908	SRR26352215	RSV 1e4	0	0
official_20220908	SRR26352205	RSV 1e3	1	0
official_20220908	SRR26352203	RSV 1e2	0	1
official_20220908	SRR26352202	RSV 1e1	1	0
official_20220908	SRR26352217	MRV neg	1	0
official_20220908	SRR26352216	MRV 1e6	0	1
official_20220908	SRR26352195	MRV 1e5	0	0
official_20220908	SRR26352184	MRV 1e4	0	0
official_20220908	SRR26352212	MRV 1e3	0	0
official_20220908	SRR26352209	MRV 1e2	0	0
official_20220908	SRR26352208	MRV 1e1	0	0
official_20221209	SRR26352207	RSV neg	0	0
official_20221209	SRR26352206	RSV 1e6	16	0
official_20221209	SRR26352204	RSV 1e5	1	0
official_20221209	SRR26352215	RSV 1e4	0	0
official_20221209	SRR26352205	RSV 1e3	1	0
official_20221209	SRR26352203	RSV 1e2	0	1
official_20221209	SRR26352202	RSV 1e1	1	0
official_20221209	SRR26352217	MRV neg	1	0
official_20221209	SRR26352216	MRV 1e6	0	1
official_20221209	SRR26352195	MRV 1e5	0	0
official_20221209	SRR26352184	MRV 1e4	0	0
official_20221209	SRR26352212	MRV 1e3	0	0
official_20221209	SRR26352209	MRV 1e2	0	0
official_20221209	SRR26352208	MRV 1e1	0	0
official_20230314	SRR26352207	RSV neg	0	0
official_20230314	SRR26352206	RSV 1e6	16	0
official_20230314	SRR26352204	RSV 1e5	1	0
official_20230314	SRR26352215	RSV 1e4	0	0
official_20230314	SRR26352205	RSV 1e3	1	0
official_20230314	SRR26352203	RSV 1e2	0	1
official_20230314	SRR26352202	RSV 1e1	1	0
official_20230314	SRR26352217	MRV neg	1	0
official_20230314	SRR26352216	MRV 1e6	0	1
official_20230314	SRR26352195	MRV 1e5	0	0
official_20230314	SRR26352184	MRV 1e4	0	0
official_20230314	SRR26352212	MRV 1e3	0	0
official_20230314	SRR26352209	MRV 1e2	0	0
official_20230314	SRR26352208	MRV 1e1	0	0
official_20230605	SRR26352207	RSV neg	0	0
official_20230605	SRR26352206	RSV 1e6	16	0
official_20230605	SRR26352204	RSV 1e5	1	0
official_20230605	SRR26352215	RSV 1e4	0	0
official_20230605	SRR26352205	RSV 1e3	1	0
official_20230605	SRR26352203	RSV 1e2	0	1
official_20230605	SRR26352202	RSV 1e1	1	0
official_20230605	SRR26352217	MRV neg	1	1
official_20230605	SRR26352216	MRV 1e6	0	2
official_20230605	SRR26352195	MRV 1e5	0	0
official_20230605	SRR26352184	MRV 1e4	0	0
official_20230605	SRR26352212	MRV 1e3	0	0
official_20230605	SRR26352209	MRV 1e2	0	0
official_20230605	SRR26352208	MRV 1e1	0	0
official_20231009	SRR26352207	RSV neg	0	0
official_20231009	SRR26352206	RSV 1e6	16	0
official_20231009	SRR26352204	RSV 1e5	1	0
official_20231009	SRR26352215	RSV 1e4	0	0
official_20231009	SRR26352205	RSV 1e3	1	0
official_20231009	SRR26352203	RSV 1e2	0	1
official_20231009	SRR26352202	RSV 1e1	1	0
official_20231009	SRR26352217	MRV neg	1	0
official_20231009	SRR26352216	MRV 1e6	0	1
official_20231009	SRR26352195	MRV 1e5	0	0
official_20231009	SRR26352184	MRV 1e4	0	0
official_20231009	SRR26352212	MRV 1e3	0	0
official_20231009	SRR26352209	MRV 1e2	0	0
official_20231009	SRR26352208	MRV 1e1	0	0
official_20240112	SRR26352207	RSV neg	0	0
official_20240112	SRR26352206	RSV 1e6	16	0
official_20240112	SRR26352204	RSV 1e5	1	0
official_20240112	SRR26352215	RSV 1e4	0	0
official_20240112	SRR26352205	RSV 1e3	1	0
official_20240112	SRR26352203	RSV 1e2	0	1
official_20240112	SRR26352202	RSV 1e1	1	0
official_20240112	SRR26352217	MRV neg	1	0
official_20240112	SRR26352216	MRV 1e6	0	1
official_20240112	SRR26352195	MRV 1e5	0	0
official_20240112	SRR26352184	MRV 1e4	0	0
official_20240112	SRR26352212	MRV 1e3	0	0
official_20240112	SRR26352209	MRV 1e2	0	0
official_20240112	SRR26352208	MRV 1e1	0	0
official_20240605	SRR26352207	RSV neg	0	0
official_20240605	SRR26352206	RSV 1e6	16	0
official_20240605	SRR26352204	RSV 1e5	1	0
official_20240605	SRR26352215	RSV 1e4	0	0
official_20240605	SRR26352205	RSV 1e3	1	0
official_20240605	SRR26352203	RSV 1e2	0	1
official_20240605	SRR26352202	RSV 1e1	1	0
official_20240605	SRR26352217	MRV neg	1	0
official_20240605	SRR26352216	MRV 1e6	0	1
official_20240605	SRR26352195	MRV 1e5	0	0
official_20240605	SRR26352184	MRV 1e4	0	0
official_20240605	SRR26352212	MRV 1e3	0	0
official_20240605	SRR26352209	MRV 1e2	0	0
official_20240605	SRR26352208	MRV 1e1	0	0
official_20240904	SRR26352207	RSV neg	0	0
official_20240904	SRR26352206	RSV 1e6	17	0
official_20240904	SRR26352204	RSV 1e5	1	0
official_20240904	SRR26352215	RSV 1e4	0	0
official_20240904	SRR26352205	RSV 1e3	1	0
official_20240904	SRR26352203	RSV 1e2	0	1
official_20240904	SRR26352202	RSV 1e1	1	0
official_20240904	SRR26352217	MRV neg	1	0
official_20240904	SRR26352216	MRV 1e6	0	1
official_20240904	SRR26352195	MRV 1e5	0	0
official_20240904	SRR26352184	MRV 1e4	0	0
official_20240904	SRR26352212	MRV 1e3	0	0
official_20240904	SRR26352209	MRV 1e2	0	0
official_20240904	SRR26352208	MRV 1e1	0	0
official_20241228	SRR26352207	RSV neg	0	0
official_20241228	SRR26352206	RSV 1e6	17	0
official_20241228	SRR26352204	RSV 1e5	1	0
official_20241228	SRR26352215	RSV 1e4	0	0
official_20241228	SRR26352205	RSV 1e3	1	0
official_20241228	SRR26352203	RSV 1e2	0	1
official_20241228	SRR26352202	RSV 1e1	1	0
official_20241228	SRR26352217	MRV neg	1	0
official_20241228	SRR26352216	MRV 1e6	0	1
official_20241228	SRR26352195	MRV 1e5	0	0
official_20241228	SRR26352184	MRV 1e4	0	0
official_20241228	SRR26352212	MRV 1e3	0	0
official_20241228	SRR26352209	MRV 1e2	0	0
official_20241228	SRR26352208	MRV 1e1	0	1
official_20250402	SRR26352207	RSV neg	0	0
official_20250402	SRR26352206	RSV 1e6	17	0
official_20250402	SRR26352204	RSV 1e5	1	0
official_20250402	SRR26352215	RSV 1e4	0	0
official_20250402	SRR26352205	RSV 1e3	1	0
official_20250402	SRR26352203	RSV 1e2	0	1
official_20250402	SRR26352202	RSV 1e1	1	0
official_20250402	SRR26352217	MRV neg	1	0
official_20250402	SRR26352216	MRV 1e6	0	1
official_20250402	SRR26352195	MRV 1e5	0	0
official_20250402	SRR26352184	MRV 1e4	0	0
official_20250402	SRR26352212	MRV 1e3	0	0
official_20250402	SRR26352209	MRV 1e2	0	0
official_20250402	SRR26352208	MRV 1e1	0	1
official_20250714	SRR26352207	RSV neg	0	0
official_20250714	SRR26352206	RSV 1e6	17	1
official_20250714	SRR26352204	RSV 1e5	1	0
official_20250714	SRR26352215	RSV 1e4	0	0
official_20250714	SRR26352205	RSV 1e3	1	0
official_20250714	SRR26352203	RSV 1e2	0	1
official_20250714	SRR26352202	RSV 1e1	1	0
official_20250714	SRR26352217	MRV neg	1	0
official_20250714	SRR26352216	MRV 1e6	0	1
official_20250714	SRR26352195	MRV 1e5	0	0
official_20250714	SRR26352184	MRV 1e4	0	0
official_20250714	SRR26352212	MRV 1e3	0	0
official_20250714	SRR26352209	MRV 1e2	0	0
official_20250714	SRR26352208	MRV 1e1	0	2
official_20251015	SRR26352207	RSV neg	0	0
official_20251015	SRR26352206	RSV 1e6	17	0
official_20251015	SRR26352204	RSV 1e5	1	0
official_20251015	SRR26352215	RSV 1e4	0	0
official_20251015	SRR26352205	RSV 1e3	2	0
official_20251015	SRR26352203	RSV 1e2	0	1
official_20251015	SRR26352202	RSV 1e1	1	0
official_20251015	SRR26352217	MRV neg	1	0
official_20251015	SRR26352216	MRV 1e6	0	1
official_20251015	SRR26352195	MRV 1e5	0	0
official_20251015	SRR26352184	MRV 1e4	0	0
official_20251015	SRR26352212	MRV 1e3	0	0
official_20251015	SRR26352209	MRV 1e2	0	0
official_20251015	SRR26352208	MRV 1e1	0	0
official_20260226	SRR26352207	RSV neg	0	0
official_20260226	SRR26352206	RSV 1e6	17	0
official_20260226	SRR26352204	RSV 1e5	1	0
official_20260226	SRR26352215	RSV 1e4	0	0
official_20260226	SRR26352205	RSV 1e3	1	0
official_20260226	SRR26352203	RSV 1e2	0	1
official_20260226	SRR26352202	RSV 1e1	1	0
official_20260226	SRR26352217	MRV neg	1	0
official_20260226	SRR26352216	MRV 1e6	1	1
official_20260226	SRR26352195	MRV 1e5	0	0
official_20260226	SRR26352184	MRV 1e4	0	0
official_20260226	SRR26352212	MRV 1e3	0	0
official_20260226	SRR26352209	MRV 1e2	0	0
official_20260226	SRR26352208	MRV 1e1	0	0
official_20260626	SRR26352207	RSV neg	0	0
official_20260626	SRR26352206	RSV 1e6	17	0
official_20260626	SRR26352204	RSV 1e5	1	0
official_20260626	SRR26352215	RSV 1e4	0	0
official_20260626	SRR26352205	RSV 1e3	1	0
official_20260626	SRR26352203	RSV 1e2	0	1
official_20260626	SRR26352202	RSV 1e1	1	0
official_20260626	SRR26352217	MRV neg	1	0
official_20260626	SRR26352216	MRV 1e6	0	1
official_20260626	SRR26352195	MRV 1e5	0	0
official_20260626	SRR26352184	MRV 1e4	0	0
official_20260626	SRR26352212	MRV 1e3	0	0
official_20260626	SRR26352209	MRV 1e2	0	0
official_20260626	SRR26352208	MRV 1e1	0	1
current	SRR26352207	RSV neg	0	3
current	SRR26352206	RSV 1e6	17	8
current	SRR26352204	RSV 1e5		
current	SRR26352215	RSV 1e4	0	5
current	SRR26352205	RSV 1e3	1	2
current	SRR26352203	RSV 1e2	0	6
current	SRR26352202	RSV 1e1	1	7
current	SRR26352217	MRV neg	1	3
current	SRR26352216	MRV 1e6	0	6
current	SRR26352195	MRV 1e5	0	2
current	SRR26352184	MRV 1e4	0	5
current	SRR26352212	MRV 1e3	0	3
current	SRR26352209	MRV 1e2	0	8
current	SRR26352208	MRV 1e1	0	6
