run	read_id	longest_exact_match_to_MRV3_nt
SRR26352217	SRR26352217.1797781	12
SRR26352217	SRR26352217.234025	13
SRR26352217	SRR26352217.441972	13
SRR26352207	SRR26352207.158405	13
SRR26352207	SRR26352207.193683	13
SRR26352207	SRR26352207.528837	13
SRR26352216	SRR26352216.1053826	13
SRR26352216	SRR26352216.14021	13
SRR26352216	SRR26352216.1951759	12
SRR26352216	SRR26352216.404055	12
SRR26352216	SRR26352216.443006	13
SRR26352206	SRR26352206.1039947	12
SRR26352206	SRR26352206.1105961	13
SRR26352206	SRR26352206.1124328	13
SRR26352206	SRR26352206.1193062	13
SRR26352206	SRR26352206.1510282	13
SRR26352206	SRR26352206.1688946	13
SRR26352206	SRR26352206.612021	13
SRR26352206	SRR26352206.913157	13
SRR26352195	SRR26352195.1750668	13
SRR26352195	SRR26352195.456145	13
SRR26352212	SRR26352212.137713	13
SRR26352212	SRR26352212.1430876	11
SRR26352212	SRR26352212.1469705	13
SRR26352205	SRR26352205.412350	13
SRR26352205	SRR26352205.533638	11
SRR26352208	SRR26352208.1116941	13
SRR26352208	SRR26352208.1828775	11
SRR26352208	SRR26352208.1996279	13
SRR26352208	SRR26352208.293537	13
SRR26352208	SRR26352208.453580	11
SRR26352208	SRR26352208.619479	13
SRR26352202	SRR26352202.1053409	13
SRR26352202	SRR26352202.105453	13
SRR26352202	SRR26352202.1442940	13
SRR26352202	SRR26352202.1676470	13
SRR26352202	SRR26352202.301209	13
SRR26352202	SRR26352202.768997	13
SRR26352202	SRR26352202.822623	12
