design	version	reads_RSV_11250	reads_MRV_351073
fixed	msl29	1	0
fixed	msl30	1	0
fixed	msl31	1	0
fixed	msl32	1	0
fixed	msl33	1	0
fixed	msl34	1	0
fixed	msl35	1	0
fixed	msl36	1	0
fixed	msl37	1	0
fixed	msl38	1	0
fixed	msl39	1	0
fixed	msl40	1	0
fixed	msl41	1	0
fixed_corrected	msl29	1	0
fixed_corrected	msl30	1	0
fixed_corrected	msl31	1	0
fixed_corrected	msl32	1	0
fixed_corrected	msl33	1	0
fixed_corrected	msl34	1	0
fixed_corrected	msl35	1	0
fixed_corrected	msl36	1	0
fixed_corrected	msl37	1	0
fixed_corrected	msl38	1	0
fixed_corrected	msl39	1	0
fixed_corrected	msl40	1	0
fixed_corrected	msl41	1	0
design1	msl29	1	0
design1	msl30	1	0
design1	msl31	1	0
design1	msl32	1	0
design1	msl33	1	0
design1	msl34	1	0
design1	msl35	1	0
design1	msl36	1	0
design1	msl37	1	0
design1	msl38	1	0
design1	msl39	1	0
design1	msl40	1	0
design1	msl41	1	0
