design	update	target	sequences_before	sequences_after	sequences_entering_or_leaving
fixed	msl29->msl30	RSV_target_11250	3	3	0
fixed	msl29->msl30	MRV_target_351073	20	20	0
fixed	msl29->msl30	RSV_A	3	3	0
fixed	msl29->msl30	MRV3	20	20	0
fixed	msl29->msl30	MVM	1	1	0
fixed	msl29->msl30	PPV	1	1	0
fixed	msl29->msl30	PCV1	1	1	0
fixed	msl29->msl30	PCV2	2	2	0
fixed	msl29->msl30	EHDV	10	10	0
fixed	msl29->msl30	CacheValley	3	3	0
fixed	msl29->msl30	BVDV1	2	2	0
fixed	msl29->msl30	MoMuLV	1	1	0
fixed	msl29->msl30	LCMV	0	0	0
fixed	msl29->msl30	HAdV_C	4	4	0
fixed	msl29->msl30	SV40	0	0	0
fixed	msl30->msl31	RSV_target_11250	3	3	0
fixed	msl30->msl31	MRV_target_351073	20	20	0
fixed	msl30->msl31	RSV_A	3	3	0
fixed	msl30->msl31	MRV3	20	20	0
fixed	msl30->msl31	MVM	1	1	0
fixed	msl30->msl31	PPV	1	1	0
fixed	msl30->msl31	PCV1	1	1	0
fixed	msl30->msl31	PCV2	2	2	0
fixed	msl30->msl31	EHDV	10	10	0
fixed	msl30->msl31	CacheValley	3	3	0
fixed	msl30->msl31	BVDV1	2	2	0
fixed	msl30->msl31	MoMuLV	1	1	0
fixed	msl30->msl31	LCMV	0	0	0
fixed	msl30->msl31	HAdV_C	4	4	0
fixed	msl30->msl31	SV40	0	0	0
fixed	msl31->msl32	RSV_target_11250	3	3	0
fixed	msl31->msl32	MRV_target_351073	20	20	0
fixed	msl31->msl32	RSV_A	3	3	0
fixed	msl31->msl32	MRV3	20	20	0
fixed	msl31->msl32	MVM	1	1	0
fixed	msl31->msl32	PPV	1	1	0
fixed	msl31->msl32	PCV1	1	1	0
fixed	msl31->msl32	PCV2	2	2	0
fixed	msl31->msl32	EHDV	10	10	0
fixed	msl31->msl32	CacheValley	3	3	0
fixed	msl31->msl32	BVDV1	2	2	0
fixed	msl31->msl32	MoMuLV	1	1	0
fixed	msl31->msl32	LCMV	0	0	0
fixed	msl31->msl32	HAdV_C	4	4	0
fixed	msl31->msl32	SV40	0	0	0
fixed	msl32->msl33	RSV_target_11250	3	3	0
fixed	msl32->msl33	MRV_target_351073	20	20	0
fixed	msl32->msl33	RSV_A	3	3	0
fixed	msl32->msl33	MRV3	20	20	0
fixed	msl32->msl33	MVM	1	1	0
fixed	msl32->msl33	PPV	1	1	0
fixed	msl32->msl33	PCV1	1	1	0
fixed	msl32->msl33	PCV2	2	2	0
fixed	msl32->msl33	EHDV	10	10	0
fixed	msl32->msl33	CacheValley	3	3	0
fixed	msl32->msl33	BVDV1	2	2	0
fixed	msl32->msl33	MoMuLV	1	1	0
fixed	msl32->msl33	LCMV	0	0	0
fixed	msl32->msl33	HAdV_C	4	4	0
fixed	msl32->msl33	SV40	0	0	0
fixed	msl33->msl34	RSV_target_11250	3	3	0
fixed	msl33->msl34	MRV_target_351073	20	20	0
fixed	msl33->msl34	RSV_A	3	3	0
fixed	msl33->msl34	MRV3	20	20	0
fixed	msl33->msl34	MVM	1	1	0
fixed	msl33->msl34	PPV	1	1	0
fixed	msl33->msl34	PCV1	1	1	0
fixed	msl33->msl34	PCV2	2	2	0
fixed	msl33->msl34	EHDV	10	10	0
fixed	msl33->msl34	CacheValley	3	3	0
fixed	msl33->msl34	BVDV1	2	1	1
fixed	msl33->msl34	MoMuLV	1	1	0
fixed	msl33->msl34	LCMV	0	0	0
fixed	msl33->msl34	HAdV_C	4	4	0
fixed	msl33->msl34	SV40	0	0	0
fixed	msl34->msl35	RSV_target_11250	3	3	0
fixed	msl34->msl35	MRV_target_351073	20	20	0
fixed	msl34->msl35	RSV_A	3	3	0
fixed	msl34->msl35	MRV3	20	20	0
fixed	msl34->msl35	MVM	1	1	0
fixed	msl34->msl35	PPV	1	1	0
fixed	msl34->msl35	PCV1	1	1	0
fixed	msl34->msl35	PCV2	2	2	0
fixed	msl34->msl35	EHDV	10	10	0
fixed	msl34->msl35	CacheValley	3	3	0
fixed	msl34->msl35	BVDV1	1	1	0
fixed	msl34->msl35	MoMuLV	1	1	0
fixed	msl34->msl35	LCMV	0	0	0
fixed	msl34->msl35	HAdV_C	4	4	0
fixed	msl34->msl35	SV40	0	0	0
fixed	msl35->msl36	RSV_target_11250	3	3	0
fixed	msl35->msl36	MRV_target_351073	20	20	0
fixed	msl35->msl36	RSV_A	3	3	0
fixed	msl35->msl36	MRV3	20	20	0
fixed	msl35->msl36	MVM	1	1	0
fixed	msl35->msl36	PPV	1	1	0
fixed	msl35->msl36	PCV1	1	1	0
fixed	msl35->msl36	PCV2	2	2	0
fixed	msl35->msl36	EHDV	10	10	0
fixed	msl35->msl36	CacheValley	3	3	0
fixed	msl35->msl36	BVDV1	1	1	0
fixed	msl35->msl36	MoMuLV	1	1	0
fixed	msl35->msl36	LCMV	0	0	0
fixed	msl35->msl36	HAdV_C	4	4	0
fixed	msl35->msl36	SV40	0	0	0
fixed	msl36->msl37	RSV_target_11250	3	3	0
fixed	msl36->msl37	MRV_target_351073	20	20	0
fixed	msl36->msl37	RSV_A	3	3	0
fixed	msl36->msl37	MRV3	20	20	0
fixed	msl36->msl37	MVM	1	1	0
fixed	msl36->msl37	PPV	1	1	0
fixed	msl36->msl37	PCV1	1	1	0
fixed	msl36->msl37	PCV2	2	2	0
fixed	msl36->msl37	EHDV	10	10	0
fixed	msl36->msl37	CacheValley	3	3	0
fixed	msl36->msl37	BVDV1	1	1	0
fixed	msl36->msl37	MoMuLV	1	1	0
fixed	msl36->msl37	LCMV	0	0	0
fixed	msl36->msl37	HAdV_C	4	4	0
fixed	msl36->msl37	SV40	0	0	0
fixed	msl37->msl38	RSV_target_11250	3	3	0
fixed	msl37->msl38	MRV_target_351073	20	20	0
fixed	msl37->msl38	RSV_A	3	3	0
fixed	msl37->msl38	MRV3	20	20	0
fixed	msl37->msl38	MVM	1	1	0
fixed	msl37->msl38	PPV	1	1	0
fixed	msl37->msl38	PCV1	1	1	0
fixed	msl37->msl38	PCV2	2	2	0
fixed	msl37->msl38	EHDV	10	10	0
fixed	msl37->msl38	CacheValley	3	3	0
fixed	msl37->msl38	BVDV1	1	1	0
fixed	msl37->msl38	MoMuLV	1	1	0
fixed	msl37->msl38	LCMV	0	0	0
fixed	msl37->msl38	HAdV_C	4	4	0
fixed	msl37->msl38	SV40	0	0	0
fixed	msl38->msl39	RSV_target_11250	3	3	0
fixed	msl38->msl39	MRV_target_351073	20	20	0
fixed	msl38->msl39	RSV_A	3	3	0
fixed	msl38->msl39	MRV3	20	20	0
fixed	msl38->msl39	MVM	1	1	0
fixed	msl38->msl39	PPV	1	1	0
fixed	msl38->msl39	PCV1	1	1	0
fixed	msl38->msl39	PCV2	2	2	0
fixed	msl38->msl39	EHDV	10	10	0
fixed	msl38->msl39	CacheValley	3	3	0
fixed	msl38->msl39	BVDV1	1	1	0
fixed	msl38->msl39	MoMuLV	1	1	0
fixed	msl38->msl39	LCMV	0	0	0
fixed	msl38->msl39	HAdV_C	4	4	0
fixed	msl38->msl39	SV40	0	0	0
fixed	msl39->msl40	RSV_target_11250	3	3	0
fixed	msl39->msl40	MRV_target_351073	20	20	0
fixed	msl39->msl40	RSV_A	3	3	0
fixed	msl39->msl40	MRV3	20	20	0
fixed	msl39->msl40	MVM	1	1	0
fixed	msl39->msl40	PPV	1	1	0
fixed	msl39->msl40	PCV1	1	1	0
fixed	msl39->msl40	PCV2	2	2	0
fixed	msl39->msl40	EHDV	10	10	0
fixed	msl39->msl40	CacheValley	3	3	0
fixed	msl39->msl40	BVDV1	1	1	0
fixed	msl39->msl40	MoMuLV	1	1	0
fixed	msl39->msl40	LCMV	0	0	0
fixed	msl39->msl40	HAdV_C	4	4	0
fixed	msl39->msl40	SV40	0	0	0
fixed	msl40->msl41	RSV_target_11250	3	3	0
fixed	msl40->msl41	MRV_target_351073	20	20	0
fixed	msl40->msl41	RSV_A	3	3	0
fixed	msl40->msl41	MRV3	20	20	0
fixed	msl40->msl41	MVM	1	1	0
fixed	msl40->msl41	PPV	1	1	0
fixed	msl40->msl41	PCV1	1	1	0
fixed	msl40->msl41	PCV2	2	2	0
fixed	msl40->msl41	EHDV	10	10	0
fixed	msl40->msl41	CacheValley	3	3	0
fixed	msl40->msl41	BVDV1	1	1	0
fixed	msl40->msl41	MoMuLV	1	1	0
fixed	msl40->msl41	LCMV	0	0	0
fixed	msl40->msl41	HAdV_C	4	4	0
fixed	msl40->msl41	SV40	0	0	0
d1	msl29->msl30	RSV_target_11250	3	3	0
d1	msl29->msl30	MRV_target_351073	20	20	0
d1	msl29->msl30	RSV_A	3	3	0
d1	msl29->msl30	MRV3	20	20	0
d1	msl29->msl30	MVM	1	1	0
d1	msl29->msl30	PPV	1	1	0
d1	msl29->msl30	PCV1	1	1	0
d1	msl29->msl30	PCV2	2	2	0
d1	msl29->msl30	EHDV	10	10	0
d1	msl29->msl30	CacheValley	3	3	0
d1	msl29->msl30	BVDV1	2	2	0
d1	msl29->msl30	MoMuLV	1	1	0
d1	msl29->msl30	LCMV	0	0	0
d1	msl29->msl30	HAdV_C	4	4	0
d1	msl29->msl30	SV40	0	0	0
d1	msl30->msl31	RSV_target_11250	3	3	0
d1	msl30->msl31	MRV_target_351073	20	20	0
d1	msl30->msl31	RSV_A	3	3	0
d1	msl30->msl31	MRV3	20	20	0
d1	msl30->msl31	MVM	1	1	0
d1	msl30->msl31	PPV	1	1	0
d1	msl30->msl31	PCV1	1	1	0
d1	msl30->msl31	PCV2	2	2	0
d1	msl30->msl31	EHDV	10	10	0
d1	msl30->msl31	CacheValley	3	3	0
d1	msl30->msl31	BVDV1	2	2	0
d1	msl30->msl31	MoMuLV	1	1	0
d1	msl30->msl31	LCMV	0	0	0
d1	msl30->msl31	HAdV_C	4	4	0
d1	msl30->msl31	SV40	0	1	1
d1	msl31->msl32	RSV_target_11250	3	3	0
d1	msl31->msl32	MRV_target_351073	20	20	0
d1	msl31->msl32	RSV_A	3	3	0
d1	msl31->msl32	MRV3	20	20	0
d1	msl31->msl32	MVM	1	1	0
d1	msl31->msl32	PPV	1	1	0
d1	msl31->msl32	PCV1	1	1	0
d1	msl31->msl32	PCV2	2	2	0
d1	msl31->msl32	EHDV	10	10	0
d1	msl31->msl32	CacheValley	3	3	0
d1	msl31->msl32	BVDV1	2	2	0
d1	msl31->msl32	MoMuLV	1	1	0
d1	msl31->msl32	LCMV	0	0	0
d1	msl31->msl32	HAdV_C	4	4	0
d1	msl31->msl32	SV40	1	1	0
d1	msl32->msl33	RSV_target_11250	3	3	0
d1	msl32->msl33	MRV_target_351073	20	20	0
d1	msl32->msl33	RSV_A	3	3	0
d1	msl32->msl33	MRV3	20	20	0
d1	msl32->msl33	MVM	1	1	0
d1	msl32->msl33	PPV	1	1	0
d1	msl32->msl33	PCV1	1	1	0
d1	msl32->msl33	PCV2	2	2	0
d1	msl32->msl33	EHDV	10	10	0
d1	msl32->msl33	CacheValley	3	3	0
d1	msl32->msl33	BVDV1	2	2	0
d1	msl32->msl33	MoMuLV	1	1	0
d1	msl32->msl33	LCMV	0	0	0
d1	msl32->msl33	HAdV_C	4	4	0
d1	msl32->msl33	SV40	1	1	0
d1	msl33->msl34	RSV_target_11250	3	3	0
d1	msl33->msl34	MRV_target_351073	20	20	0
d1	msl33->msl34	RSV_A	3	3	0
d1	msl33->msl34	MRV3	20	20	0
d1	msl33->msl34	MVM	1	1	0
d1	msl33->msl34	PPV	1	1	0
d1	msl33->msl34	PCV1	1	1	0
d1	msl33->msl34	PCV2	2	2	0
d1	msl33->msl34	EHDV	10	10	0
d1	msl33->msl34	CacheValley	3	3	0
d1	msl33->msl34	BVDV1	2	1	1
d1	msl33->msl34	MoMuLV	1	1	0
d1	msl33->msl34	LCMV	0	0	0
d1	msl33->msl34	HAdV_C	4	4	0
d1	msl33->msl34	SV40	1	1	0
d1	msl34->msl35	RSV_target_11250	3	3	0
d1	msl34->msl35	MRV_target_351073	20	20	0
d1	msl34->msl35	RSV_A	3	3	0
d1	msl34->msl35	MRV3	20	20	0
d1	msl34->msl35	MVM	1	1	0
d1	msl34->msl35	PPV	1	1	0
d1	msl34->msl35	PCV1	1	1	0
d1	msl34->msl35	PCV2	2	2	0
d1	msl34->msl35	EHDV	10	10	0
d1	msl34->msl35	CacheValley	3	3	0
d1	msl34->msl35	BVDV1	1	1	0
d1	msl34->msl35	MoMuLV	1	1	0
d1	msl34->msl35	LCMV	0	0	0
d1	msl34->msl35	HAdV_C	4	4	0
d1	msl34->msl35	SV40	1	1	0
d1	msl35->msl36	RSV_target_11250	3	3	0
d1	msl35->msl36	MRV_target_351073	20	20	0
d1	msl35->msl36	RSV_A	3	3	0
d1	msl35->msl36	MRV3	20	20	0
d1	msl35->msl36	MVM	1	1	0
d1	msl35->msl36	PPV	1	1	0
d1	msl35->msl36	PCV1	1	1	0
d1	msl35->msl36	PCV2	2	2	0
d1	msl35->msl36	EHDV	10	10	0
d1	msl35->msl36	CacheValley	3	3	0
d1	msl35->msl36	BVDV1	1	1	0
d1	msl35->msl36	MoMuLV	1	1	0
d1	msl35->msl36	LCMV	0	0	0
d1	msl35->msl36	HAdV_C	4	4	0
d1	msl35->msl36	SV40	1	1	0
d1	msl36->msl37	RSV_target_11250	3	3	0
d1	msl36->msl37	MRV_target_351073	20	20	0
d1	msl36->msl37	RSV_A	3	3	0
d1	msl36->msl37	MRV3	20	20	0
d1	msl36->msl37	MVM	1	1	0
d1	msl36->msl37	PPV	1	1	0
d1	msl36->msl37	PCV1	1	1	0
d1	msl36->msl37	PCV2	2	2	0
d1	msl36->msl37	EHDV	10	10	0
d1	msl36->msl37	CacheValley	3	3	0
d1	msl36->msl37	BVDV1	1	1	0
d1	msl36->msl37	MoMuLV	1	1	0
d1	msl36->msl37	LCMV	0	0	0
d1	msl36->msl37	HAdV_C	4	4	0
d1	msl36->msl37	SV40	1	1	0
d1	msl37->msl38	RSV_target_11250	3	3	0
d1	msl37->msl38	MRV_target_351073	20	20	0
d1	msl37->msl38	RSV_A	3	3	0
d1	msl37->msl38	MRV3	20	20	0
d1	msl37->msl38	MVM	1	1	0
d1	msl37->msl38	PPV	1	1	0
d1	msl37->msl38	PCV1	1	1	0
d1	msl37->msl38	PCV2	2	2	0
d1	msl37->msl38	EHDV	10	10	0
d1	msl37->msl38	CacheValley	3	3	0
d1	msl37->msl38	BVDV1	1	1	0
d1	msl37->msl38	MoMuLV	1	1	0
d1	msl37->msl38	LCMV	0	0	0
d1	msl37->msl38	HAdV_C	4	4	0
d1	msl37->msl38	SV40	1	1	0
d1	msl38->msl39	RSV_target_11250	3	3	0
d1	msl38->msl39	MRV_target_351073	20	20	0
d1	msl38->msl39	RSV_A	3	3	0
d1	msl38->msl39	MRV3	20	20	0
d1	msl38->msl39	MVM	1	1	0
d1	msl38->msl39	PPV	1	1	0
d1	msl38->msl39	PCV1	1	1	0
d1	msl38->msl39	PCV2	2	2	0
d1	msl38->msl39	EHDV	10	10	0
d1	msl38->msl39	CacheValley	3	3	0
d1	msl38->msl39	BVDV1	1	1	0
d1	msl38->msl39	MoMuLV	1	1	0
d1	msl38->msl39	LCMV	0	4	4
d1	msl38->msl39	HAdV_C	4	4	0
d1	msl38->msl39	SV40	1	1	0
d1	msl39->msl40	RSV_target_11250	3	3	0
d1	msl39->msl40	MRV_target_351073	20	20	0
d1	msl39->msl40	RSV_A	3	3	0
d1	msl39->msl40	MRV3	20	20	0
d1	msl39->msl40	MVM	1	1	0
d1	msl39->msl40	PPV	1	1	0
d1	msl39->msl40	PCV1	1	1	0
d1	msl39->msl40	PCV2	2	2	0
d1	msl39->msl40	EHDV	10	10	0
d1	msl39->msl40	CacheValley	3	3	0
d1	msl39->msl40	BVDV1	1	1	0
d1	msl39->msl40	MoMuLV	1	1	0
d1	msl39->msl40	LCMV	4	4	0
d1	msl39->msl40	HAdV_C	4	4	0
d1	msl39->msl40	SV40	1	1	0
d1	msl40->msl41	RSV_target_11250	3	3	0
d1	msl40->msl41	MRV_target_351073	20	20	0
d1	msl40->msl41	RSV_A	3	3	0
d1	msl40->msl41	MRV3	20	20	0
d1	msl40->msl41	MVM	1	1	0
d1	msl40->msl41	PPV	1	1	0
d1	msl40->msl41	PCV1	1	1	0
d1	msl40->msl41	PCV2	2	2	0
d1	msl40->msl41	EHDV	10	10	0
d1	msl40->msl41	CacheValley	3	3	0
d1	msl40->msl41	BVDV1	1	1	0
d1	msl40->msl41	MoMuLV	1	1	0
d1	msl40->msl41	LCMV	4	4	0
d1	msl40->msl41	HAdV_C	4	4	0
d1	msl40->msl41	SV40	1	1	0
d3	msl29->msl30	RSV_target_11250	3	3	0
d3	msl29->msl30	MRV_target_351073	20	20	0
d3	msl29->msl30	RSV_A	3	3	0
d3	msl29->msl30	MRV3	20	20	0
d3	msl29->msl30	MVM	1	1	0
d3	msl29->msl30	PPV	1	1	0
d3	msl29->msl30	PCV1	1	1	0
d3	msl29->msl30	PCV2	2	2	0
d3	msl29->msl30	EHDV	10	10	0
d3	msl29->msl30	CacheValley	3	3	0
d3	msl29->msl30	BVDV1	2	2	0
d3	msl29->msl30	MoMuLV	1	1	0
d3	msl29->msl30	LCMV	4	4	0
d3	msl29->msl30	HAdV_C	4	4	0
d3	msl29->msl30	SV40	1	1	0
d3	msl30->msl31	RSV_target_11250	3	3	0
d3	msl30->msl31	MRV_target_351073	20	20	0
d3	msl30->msl31	RSV_A	3	3	0
d3	msl30->msl31	MRV3	20	20	0
d3	msl30->msl31	MVM	1	1	0
d3	msl30->msl31	PPV	1	1	0
d3	msl30->msl31	PCV1	1	1	0
d3	msl30->msl31	PCV2	2	2	0
d3	msl30->msl31	EHDV	10	10	0
d3	msl30->msl31	CacheValley	3	3	0
d3	msl30->msl31	BVDV1	2	2	0
d3	msl30->msl31	MoMuLV	1	1	0
d3	msl30->msl31	LCMV	4	4	0
d3	msl30->msl31	HAdV_C	4	4	0
d3	msl30->msl31	SV40	1	1	0
d3	msl31->msl32	RSV_target_11250	3	3	0
d3	msl31->msl32	MRV_target_351073	20	20	0
d3	msl31->msl32	RSV_A	3	3	0
d3	msl31->msl32	MRV3	20	20	0
d3	msl31->msl32	MVM	1	1	0
d3	msl31->msl32	PPV	1	1	0
d3	msl31->msl32	PCV1	1	1	0
d3	msl31->msl32	PCV2	2	2	0
d3	msl31->msl32	EHDV	10	10	0
d3	msl31->msl32	CacheValley	3	3	0
d3	msl31->msl32	BVDV1	2	2	0
d3	msl31->msl32	MoMuLV	1	1	0
d3	msl31->msl32	LCMV	4	4	0
d3	msl31->msl32	HAdV_C	4	4	0
d3	msl31->msl32	SV40	1	1	0
d3	msl32->msl33	RSV_target_11250	3	3	0
d3	msl32->msl33	MRV_target_351073	20	20	0
d3	msl32->msl33	RSV_A	3	3	0
d3	msl32->msl33	MRV3	20	20	0
d3	msl32->msl33	MVM	1	1	0
d3	msl32->msl33	PPV	1	1	0
d3	msl32->msl33	PCV1	1	1	0
d3	msl32->msl33	PCV2	2	2	0
d3	msl32->msl33	EHDV	10	10	0
d3	msl32->msl33	CacheValley	3	3	0
d3	msl32->msl33	BVDV1	2	2	0
d3	msl32->msl33	MoMuLV	1	1	0
d3	msl32->msl33	LCMV	4	4	0
d3	msl32->msl33	HAdV_C	4	4	0
d3	msl32->msl33	SV40	1	1	0
d3	msl33->msl34	RSV_target_11250	3	3	0
d3	msl33->msl34	MRV_target_351073	20	20	0
d3	msl33->msl34	RSV_A	3	3	0
d3	msl33->msl34	MRV3	20	20	0
d3	msl33->msl34	MVM	1	1	0
d3	msl33->msl34	PPV	1	1	0
d3	msl33->msl34	PCV1	1	1	0
d3	msl33->msl34	PCV2	2	2	0
d3	msl33->msl34	EHDV	10	10	0
d3	msl33->msl34	CacheValley	3	3	0
d3	msl33->msl34	BVDV1	2	1	1
d3	msl33->msl34	MoMuLV	1	1	0
d3	msl33->msl34	LCMV	4	4	0
d3	msl33->msl34	HAdV_C	4	4	0
d3	msl33->msl34	SV40	1	1	0
d3	msl34->msl35	RSV_target_11250	3	3	0
d3	msl34->msl35	MRV_target_351073	20	20	0
d3	msl34->msl35	RSV_A	3	3	0
d3	msl34->msl35	MRV3	20	20	0
d3	msl34->msl35	MVM	1	1	0
d3	msl34->msl35	PPV	1	1	0
d3	msl34->msl35	PCV1	1	1	0
d3	msl34->msl35	PCV2	2	2	0
d3	msl34->msl35	EHDV	10	10	0
d3	msl34->msl35	CacheValley	3	3	0
d3	msl34->msl35	BVDV1	1	1	0
d3	msl34->msl35	MoMuLV	1	1	0
d3	msl34->msl35	LCMV	4	4	0
d3	msl34->msl35	HAdV_C	4	4	0
d3	msl34->msl35	SV40	1	1	0
d3	msl35->msl36	RSV_target_11250	3	3	0
d3	msl35->msl36	MRV_target_351073	20	20	0
d3	msl35->msl36	RSV_A	3	3	0
d3	msl35->msl36	MRV3	20	20	0
d3	msl35->msl36	MVM	1	1	0
d3	msl35->msl36	PPV	1	1	0
d3	msl35->msl36	PCV1	1	1	0
d3	msl35->msl36	PCV2	2	2	0
d3	msl35->msl36	EHDV	10	10	0
d3	msl35->msl36	CacheValley	3	3	0
d3	msl35->msl36	BVDV1	1	1	0
d3	msl35->msl36	MoMuLV	1	1	0
d3	msl35->msl36	LCMV	4	4	0
d3	msl35->msl36	HAdV_C	4	4	0
d3	msl35->msl36	SV40	1	1	0
d3	msl36->msl37	RSV_target_11250	3	3	0
d3	msl36->msl37	MRV_target_351073	20	20	0
d3	msl36->msl37	RSV_A	3	3	0
d3	msl36->msl37	MRV3	20	20	0
d3	msl36->msl37	MVM	1	1	0
d3	msl36->msl37	PPV	1	1	0
d3	msl36->msl37	PCV1	1	1	0
d3	msl36->msl37	PCV2	2	2	0
d3	msl36->msl37	EHDV	10	10	0
d3	msl36->msl37	CacheValley	3	3	0
d3	msl36->msl37	BVDV1	1	1	0
d3	msl36->msl37	MoMuLV	1	1	0
d3	msl36->msl37	LCMV	4	4	0
d3	msl36->msl37	HAdV_C	4	4	0
d3	msl36->msl37	SV40	1	1	0
d3	msl37->msl38	RSV_target_11250	3	3	0
d3	msl37->msl38	MRV_target_351073	20	20	0
d3	msl37->msl38	RSV_A	3	3	0
d3	msl37->msl38	MRV3	20	20	0
d3	msl37->msl38	MVM	1	1	0
d3	msl37->msl38	PPV	1	1	0
d3	msl37->msl38	PCV1	1	1	0
d3	msl37->msl38	PCV2	2	2	0
d3	msl37->msl38	EHDV	10	10	0
d3	msl37->msl38	CacheValley	3	3	0
d3	msl37->msl38	BVDV1	1	1	0
d3	msl37->msl38	MoMuLV	1	1	0
d3	msl37->msl38	LCMV	4	4	0
d3	msl37->msl38	HAdV_C	4	4	0
d3	msl37->msl38	SV40	1	1	0
d3	msl38->msl39	RSV_target_11250	3	3	0
d3	msl38->msl39	MRV_target_351073	20	20	0
d3	msl38->msl39	RSV_A	3	3	0
d3	msl38->msl39	MRV3	20	20	0
d3	msl38->msl39	MVM	1	1	0
d3	msl38->msl39	PPV	1	1	0
d3	msl38->msl39	PCV1	1	1	0
d3	msl38->msl39	PCV2	2	2	0
d3	msl38->msl39	EHDV	10	10	0
d3	msl38->msl39	CacheValley	3	3	0
d3	msl38->msl39	BVDV1	1	1	0
d3	msl38->msl39	MoMuLV	1	1	0
d3	msl38->msl39	LCMV	4	4	0
d3	msl38->msl39	HAdV_C	4	4	0
d3	msl38->msl39	SV40	1	1	0
d3	msl39->msl40	RSV_target_11250	3	3	0
d3	msl39->msl40	MRV_target_351073	20	20	0
d3	msl39->msl40	RSV_A	3	3	0
d3	msl39->msl40	MRV3	20	20	0
d3	msl39->msl40	MVM	1	1	0
d3	msl39->msl40	PPV	1	1	0
d3	msl39->msl40	PCV1	1	1	0
d3	msl39->msl40	PCV2	2	2	0
d3	msl39->msl40	EHDV	10	10	0
d3	msl39->msl40	CacheValley	3	3	0
d3	msl39->msl40	BVDV1	1	1	0
d3	msl39->msl40	MoMuLV	1	1	0
d3	msl39->msl40	LCMV	4	4	0
d3	msl39->msl40	HAdV_C	4	4	0
d3	msl39->msl40	SV40	1	1	0
d3	msl40->msl41	RSV_target_11250	3	3	0
d3	msl40->msl41	MRV_target_351073	20	20	0
d3	msl40->msl41	RSV_A	3	3	0
d3	msl40->msl41	MRV3	20	20	0
d3	msl40->msl41	MVM	1	1	0
d3	msl40->msl41	PPV	1	1	0
d3	msl40->msl41	PCV1	1	1	0
d3	msl40->msl41	PCV2	2	2	0
d3	msl40->msl41	EHDV	10	10	0
d3	msl40->msl41	CacheValley	3	3	0
d3	msl40->msl41	BVDV1	1	1	0
d3	msl40->msl41	MoMuLV	1	1	0
d3	msl40->msl41	LCMV	4	4	0
d3	msl40->msl41	HAdV_C	4	4	0
d3	msl40->msl41	SV40	1	1	0
